<application>
  <component name="ProjectManager">
    <defaultProject>
      <component name="AutoImportSettings">
        <option name="autoReloadType" value="SELECTIVE" />
      </component>
      <component name="Encoding" defaultCharsetForPropertiesFiles="UTF-8">
        <file url="PROJECT" charset="UTF-8" />
      </component>
      <component name="GOROOT" url="file://D:/Program Files/Go" />
      <component name="ProjectDictionaryState">
        <dictionary name="lifezq" />
      </component>
      <component name="ProjectInspectionProfilesVisibleTreeState">
        <entry key="Project Default">
          <profile-state>
            <expanded-state>
              <State />
            </expanded-state>
            <selected-state>
              <State>
                <id>CSS</id>
              </State>
            </selected-state>
          </profile-state>
        </entry>
      </component>
      <component name="ProjectViewState">
        <option name="hideEmptyMiddlePackages" value="true" />
        <option name="showLibraryContents" value="true" />
      </component>
      <component name="PropertiesComponent">{
  &quot;keyToString&quot;: {
    &quot;go.import.settings.migrated&quot;: &quot;true&quot;,
    &quot;node.js.selected.package.eslint&quot;: &quot;(autodetect)&quot;,
    &quot;settings.editor.selected.configurable&quot;: &quot;preferences.sourceCode&quot;
  }
}</component>
      <component name="WindowStateProjectService">
        <state x="710" y="330" key="EnvironmentVariablesDialog" timestamp="1681207735106">
          <screen x="0" y="0" width="1920" height="1160" />
        </state>
        <state x="710" y="330" key="EnvironmentVariablesDialog/0.0.1920.1160" timestamp="1681207735106" />
        <state x="461" y="220" key="SettingsEditor" timestamp="1683515485436">
          <screen x="0" y="0" width="1920" height="1160" />
        </state>
        <state x="461" y="220" key="SettingsEditor/0.0.1920.1160" timestamp="1683515485436" />
      </component>
      <component name="masterDetails">
        <states>
          <state key="Copyright.UI">
            <settings>
              <splitter-proportions>
                <option name="proportions">
                  <list>
                    <option value="0.2" />
                  </list>
                </option>
              </splitter-proportions>
            </settings>
          </state>
          <state key="ScopeChooserConfigurable.UI">
            <settings>
              <last-edited>gitignore</last-edited>
              <splitter-proportions>
                <option name="proportions">
                  <list>
                    <option value="0.2" />
                  </list>
                </option>
              </splitter-proportions>
              <order>
                <scope name="gitignore" />
              </order>
            </settings>
          </state>
        </states>
      </component>
    </defaultProject>
  </component>
</application>