<application>
  <component name="vgo">
    <environment>
      <map>
        <entry key="GOMODCACHE">
          <value>
            <list>
              <option value="D:\programs\pkg\mod" />
            </list>
          </value>
        </entry>
        <entry key="GOPROXY">
          <value>
            <list>
              <option value="https://goproxy.cn,direct" />
            </list>
          </value>
        </entry>
        <entry key="GOSUMDB">
          <value>
            <list>
              <option value="sum.golang.org" />
            </list>
          </value>
        </entry>
      </map>
    </environment>
  </component>
</application>