<application>
  <component name="ProjectJdkTable">
    <jdk version="2">
      <name value="11" />
      <type value="JavaSDK" />
      <version value="java version &quot;11.0.10&quot;" />
      <homePath value="D:/Program Files/Java/jdk-11.0.10" />
      <roots>
        <annotationsPath>
          <root type="composite">
            <root url="jar://$APPLICATION_HOME_DIR$/plugins/java/lib/jdkAnnotations.jar!/" type="simple" />
          </root>
        </annotationsPath>
        <classPath>
          <root type="composite">
            <root url="jrt://D:/Program Files/Java/jdk-11.0.10!/java.base" type="simple" />
            <root url="jrt://D:/Program Files/Java/jdk-11.0.10!/java.compiler" type="simple" />
            <root url="jrt://D:/Program Files/Java/jdk-11.0.10!/java.datatransfer" type="simple" />
            <root url="jrt://D:/Program Files/Java/jdk-11.0.10!/java.desktop" type="simple" />
            <root url="jrt://D:/Program Files/Java/jdk-11.0.10!/java.instrument" type="simple" />
            <root url="jrt://D:/Program Files/Java/jdk-11.0.10!/java.logging" type="simple" />
            <root url="jrt://D:/Program Files/Java/jdk-11.0.10!/java.management" type="simple" />
            <root url="jrt://D:/Program Files/Java/jdk-11.0.10!/java.management.rmi" type="simple" />
            <root url="jrt://D:/Program Files/Java/jdk-11.0.10!/java.naming" type="simple" />
            <root url="jrt://D:/Program Files/Java/jdk-11.0.10!/java.net.http" type="simple" />
            <root url="jrt://D:/Program Files/Java/jdk-11.0.10!/java.prefs" type="simple" />
            <root url="jrt://D:/Program Files/Java/jdk-11.0.10!/java.rmi" type="simple" />
            <root url="jrt://D:/Program Files/Java/jdk-11.0.10!/java.scripting" type="simple" />
            <root url="jrt://D:/Program Files/Java/jdk-11.0.10!/java.se" type="simple" />
            <root url="jrt://D:/Program Files/Java/jdk-11.0.10!/java.security.jgss" type="simple" />
            <root url="jrt://D:/Program Files/Java/jdk-11.0.10!/java.security.sasl" type="simple" />
            <root url="jrt://D:/Program Files/Java/jdk-11.0.10!/java.smartcardio" type="simple" />
            <root url="jrt://D:/Program Files/Java/jdk-11.0.10!/java.sql" type="simple" />
            <root url="jrt://D:/Program Files/Java/jdk-11.0.10!/java.sql.rowset" type="simple" />
            <root url="jrt://D:/Program Files/Java/jdk-11.0.10!/java.transaction.xa" type="simple" />
            <root url="jrt://D:/Program Files/Java/jdk-11.0.10!/java.xml" type="simple" />
            <root url="jrt://D:/Program Files/Java/jdk-11.0.10!/java.xml.crypto" type="simple" />
            <root url="jrt://D:/Program Files/Java/jdk-11.0.10!/jdk.accessibility" type="simple" />
            <root url="jrt://D:/Program Files/Java/jdk-11.0.10!/jdk.aot" type="simple" />
            <root url="jrt://D:/Program Files/Java/jdk-11.0.10!/jdk.attach" type="simple" />
            <root url="jrt://D:/Program Files/Java/jdk-11.0.10!/jdk.charsets" type="simple" />
            <root url="jrt://D:/Program Files/Java/jdk-11.0.10!/jdk.compiler" type="simple" />
            <root url="jrt://D:/Program Files/Java/jdk-11.0.10!/jdk.crypto.cryptoki" type="simple" />
            <root url="jrt://D:/Program Files/Java/jdk-11.0.10!/jdk.crypto.ec" type="simple" />
            <root url="jrt://D:/Program Files/Java/jdk-11.0.10!/jdk.crypto.mscapi" type="simple" />
            <root url="jrt://D:/Program Files/Java/jdk-11.0.10!/jdk.dynalink" type="simple" />
            <root url="jrt://D:/Program Files/Java/jdk-11.0.10!/jdk.editpad" type="simple" />
            <root url="jrt://D:/Program Files/Java/jdk-11.0.10!/jdk.hotspot.agent" type="simple" />
            <root url="jrt://D:/Program Files/Java/jdk-11.0.10!/jdk.httpserver" type="simple" />
            <root url="jrt://D:/Program Files/Java/jdk-11.0.10!/jdk.internal.ed" type="simple" />
            <root url="jrt://D:/Program Files/Java/jdk-11.0.10!/jdk.internal.jvmstat" type="simple" />
            <root url="jrt://D:/Program Files/Java/jdk-11.0.10!/jdk.internal.le" type="simple" />
            <root url="jrt://D:/Program Files/Java/jdk-11.0.10!/jdk.internal.opt" type="simple" />
            <root url="jrt://D:/Program Files/Java/jdk-11.0.10!/jdk.internal.vm.ci" type="simple" />
            <root url="jrt://D:/Program Files/Java/jdk-11.0.10!/jdk.internal.vm.compiler" type="simple" />
            <root url="jrt://D:/Program Files/Java/jdk-11.0.10!/jdk.internal.vm.compiler.management" type="simple" />
            <root url="jrt://D:/Program Files/Java/jdk-11.0.10!/jdk.jartool" type="simple" />
            <root url="jrt://D:/Program Files/Java/jdk-11.0.10!/jdk.javadoc" type="simple" />
            <root url="jrt://D:/Program Files/Java/jdk-11.0.10!/jdk.jcmd" type="simple" />
            <root url="jrt://D:/Program Files/Java/jdk-11.0.10!/jdk.jconsole" type="simple" />
            <root url="jrt://D:/Program Files/Java/jdk-11.0.10!/jdk.jdeps" type="simple" />
            <root url="jrt://D:/Program Files/Java/jdk-11.0.10!/jdk.jdi" type="simple" />
            <root url="jrt://D:/Program Files/Java/jdk-11.0.10!/jdk.jdwp.agent" type="simple" />
            <root url="jrt://D:/Program Files/Java/jdk-11.0.10!/jdk.jfr" type="simple" />
            <root url="jrt://D:/Program Files/Java/jdk-11.0.10!/jdk.jlink" type="simple" />
            <root url="jrt://D:/Program Files/Java/jdk-11.0.10!/jdk.jshell" type="simple" />
            <root url="jrt://D:/Program Files/Java/jdk-11.0.10!/jdk.jsobject" type="simple" />
            <root url="jrt://D:/Program Files/Java/jdk-11.0.10!/jdk.jstatd" type="simple" />
            <root url="jrt://D:/Program Files/Java/jdk-11.0.10!/jdk.localedata" type="simple" />
            <root url="jrt://D:/Program Files/Java/jdk-11.0.10!/jdk.management" type="simple" />
            <root url="jrt://D:/Program Files/Java/jdk-11.0.10!/jdk.management.agent" type="simple" />
            <root url="jrt://D:/Program Files/Java/jdk-11.0.10!/jdk.management.jfr" type="simple" />
            <root url="jrt://D:/Program Files/Java/jdk-11.0.10!/jdk.naming.dns" type="simple" />
            <root url="jrt://D:/Program Files/Java/jdk-11.0.10!/jdk.naming.ldap" type="simple" />
            <root url="jrt://D:/Program Files/Java/jdk-11.0.10!/jdk.naming.rmi" type="simple" />
            <root url="jrt://D:/Program Files/Java/jdk-11.0.10!/jdk.net" type="simple" />
            <root url="jrt://D:/Program Files/Java/jdk-11.0.10!/jdk.pack" type="simple" />
            <root url="jrt://D:/Program Files/Java/jdk-11.0.10!/jdk.rmic" type="simple" />
            <root url="jrt://D:/Program Files/Java/jdk-11.0.10!/jdk.scripting.nashorn" type="simple" />
            <root url="jrt://D:/Program Files/Java/jdk-11.0.10!/jdk.scripting.nashorn.shell" type="simple" />
            <root url="jrt://D:/Program Files/Java/jdk-11.0.10!/jdk.sctp" type="simple" />
            <root url="jrt://D:/Program Files/Java/jdk-11.0.10!/jdk.security.auth" type="simple" />
            <root url="jrt://D:/Program Files/Java/jdk-11.0.10!/jdk.security.jgss" type="simple" />
            <root url="jrt://D:/Program Files/Java/jdk-11.0.10!/jdk.unsupported" type="simple" />
            <root url="jrt://D:/Program Files/Java/jdk-11.0.10!/jdk.unsupported.desktop" type="simple" />
            <root url="jrt://D:/Program Files/Java/jdk-11.0.10!/jdk.xml.dom" type="simple" />
            <root url="jrt://D:/Program Files/Java/jdk-11.0.10!/jdk.zipfs" type="simple" />
          </root>
        </classPath>
        <javadocPath>
          <root type="composite" />
        </javadocPath>
        <sourcePath>
          <root type="composite">
            <root url="jar://D:/Program Files/Java/jdk-11.0.10/lib/src.zip!/java.se" type="simple" />
            <root url="jar://D:/Program Files/Java/jdk-11.0.10/lib/src.zip!/jdk.aot" type="simple" />
            <root url="jar://D:/Program Files/Java/jdk-11.0.10/lib/src.zip!/jdk.jdi" type="simple" />
            <root url="jar://D:/Program Files/Java/jdk-11.0.10/lib/src.zip!/jdk.jfr" type="simple" />
            <root url="jar://D:/Program Files/Java/jdk-11.0.10/lib/src.zip!/jdk.net" type="simple" />
            <root url="jar://D:/Program Files/Java/jdk-11.0.10/lib/src.zip!/java.rmi" type="simple" />
            <root url="jar://D:/Program Files/Java/jdk-11.0.10/lib/src.zip!/java.sql" type="simple" />
            <root url="jar://D:/Program Files/Java/jdk-11.0.10/lib/src.zip!/java.xml" type="simple" />
            <root url="jar://D:/Program Files/Java/jdk-11.0.10/lib/src.zip!/jdk.jcmd" type="simple" />
            <root url="jar://D:/Program Files/Java/jdk-11.0.10/lib/src.zip!/jdk.pack" type="simple" />
            <root url="jar://D:/Program Files/Java/jdk-11.0.10/lib/src.zip!/jdk.rmic" type="simple" />
            <root url="jar://D:/Program Files/Java/jdk-11.0.10/lib/src.zip!/jdk.sctp" type="simple" />
            <root url="jar://D:/Program Files/Java/jdk-11.0.10/lib/src.zip!/java.base" type="simple" />
            <root url="jar://D:/Program Files/Java/jdk-11.0.10/lib/src.zip!/jdk.jdeps" type="simple" />
            <root url="jar://D:/Program Files/Java/jdk-11.0.10/lib/src.zip!/jdk.jlink" type="simple" />
            <root url="jar://D:/Program Files/Java/jdk-11.0.10/lib/src.zip!/jdk.zipfs" type="simple" />
            <root url="jar://D:/Program Files/Java/jdk-11.0.10/lib/src.zip!/java.prefs" type="simple" />
            <root url="jar://D:/Program Files/Java/jdk-11.0.10/lib/src.zip!/jdk.attach" type="simple" />
            <root url="jar://D:/Program Files/Java/jdk-11.0.10/lib/src.zip!/jdk.jshell" type="simple" />
            <root url="jar://D:/Program Files/Java/jdk-11.0.10/lib/src.zip!/jdk.jstatd" type="simple" />
            <root url="jar://D:/Program Files/Java/jdk-11.0.10/lib/src.zip!/java.naming" type="simple" />
            <root url="jar://D:/Program Files/Java/jdk-11.0.10/lib/src.zip!/jdk.editpad" type="simple" />
            <root url="jar://D:/Program Files/Java/jdk-11.0.10/lib/src.zip!/jdk.jartool" type="simple" />
            <root url="jar://D:/Program Files/Java/jdk-11.0.10/lib/src.zip!/jdk.javadoc" type="simple" />
            <root url="jar://D:/Program Files/Java/jdk-11.0.10/lib/src.zip!/jdk.xml.dom" type="simple" />
            <root url="jar://D:/Program Files/Java/jdk-11.0.10/lib/src.zip!/java.desktop" type="simple" />
            <root url="jar://D:/Program Files/Java/jdk-11.0.10/lib/src.zip!/java.logging" type="simple" />
            <root url="jar://D:/Program Files/Java/jdk-11.0.10/lib/src.zip!/jdk.charsets" type="simple" />
            <root url="jar://D:/Program Files/Java/jdk-11.0.10/lib/src.zip!/jdk.compiler" type="simple" />
            <root url="jar://D:/Program Files/Java/jdk-11.0.10/lib/src.zip!/jdk.dynalink" type="simple" />
            <root url="jar://D:/Program Files/Java/jdk-11.0.10/lib/src.zip!/jdk.jconsole" type="simple" />
            <root url="jar://D:/Program Files/Java/jdk-11.0.10/lib/src.zip!/jdk.jsobject" type="simple" />
            <root url="jar://D:/Program Files/Java/jdk-11.0.10/lib/src.zip!/java.compiler" type="simple" />
            <root url="jar://D:/Program Files/Java/jdk-11.0.10/lib/src.zip!/java.net.http" type="simple" />
            <root url="jar://D:/Program Files/Java/jdk-11.0.10/lib/src.zip!/jdk.crypto.ec" type="simple" />
            <root url="jar://D:/Program Files/Java/jdk-11.0.10/lib/src.zip!/java.scripting" type="simple" />
            <root url="jar://D:/Program Files/Java/jdk-11.0.10/lib/src.zip!/jdk.httpserver" type="simple" />
            <root url="jar://D:/Program Files/Java/jdk-11.0.10/lib/src.zip!/jdk.jdwp.agent" type="simple" />
            <root url="jar://D:/Program Files/Java/jdk-11.0.10/lib/src.zip!/jdk.localedata" type="simple" />
            <root url="jar://D:/Program Files/Java/jdk-11.0.10/lib/src.zip!/jdk.management" type="simple" />
            <root url="jar://D:/Program Files/Java/jdk-11.0.10/lib/src.zip!/jdk.naming.dns" type="simple" />
            <root url="jar://D:/Program Files/Java/jdk-11.0.10/lib/src.zip!/jdk.naming.rmi" type="simple" />
            <root url="jar://D:/Program Files/Java/jdk-11.0.10/lib/src.zip!/java.instrument" type="simple" />
            <root url="jar://D:/Program Files/Java/jdk-11.0.10/lib/src.zip!/java.management" type="simple" />
            <root url="jar://D:/Program Files/Java/jdk-11.0.10/lib/src.zip!/java.sql.rowset" type="simple" />
            <root url="jar://D:/Program Files/Java/jdk-11.0.10/lib/src.zip!/java.xml.crypto" type="simple" />
            <root url="jar://D:/Program Files/Java/jdk-11.0.10/lib/src.zip!/jdk.internal.ed" type="simple" />
            <root url="jar://D:/Program Files/Java/jdk-11.0.10/lib/src.zip!/jdk.internal.le" type="simple" />
            <root url="jar://D:/Program Files/Java/jdk-11.0.10/lib/src.zip!/jdk.naming.ldap" type="simple" />
            <root url="jar://D:/Program Files/Java/jdk-11.0.10/lib/src.zip!/jdk.unsupported" type="simple" />
            <root url="jar://D:/Program Files/Java/jdk-11.0.10/lib/src.zip!/java.smartcardio" type="simple" />
            <root url="jar://D:/Program Files/Java/jdk-11.0.10/lib/src.zip!/jdk.internal.opt" type="simple" />
            <root url="jar://D:/Program Files/Java/jdk-11.0.10/lib/src.zip!/java.datatransfer" type="simple" />
            <root url="jar://D:/Program Files/Java/jdk-11.0.10/lib/src.zip!/jdk.accessibility" type="simple" />
            <root url="jar://D:/Program Files/Java/jdk-11.0.10/lib/src.zip!/jdk.crypto.mscapi" type="simple" />
            <root url="jar://D:/Program Files/Java/jdk-11.0.10/lib/src.zip!/jdk.hotspot.agent" type="simple" />
            <root url="jar://D:/Program Files/Java/jdk-11.0.10/lib/src.zip!/jdk.security.auth" type="simple" />
            <root url="jar://D:/Program Files/Java/jdk-11.0.10/lib/src.zip!/jdk.security.jgss" type="simple" />
            <root url="jar://D:/Program Files/Java/jdk-11.0.10/lib/src.zip!/java.security.jgss" type="simple" />
            <root url="jar://D:/Program Files/Java/jdk-11.0.10/lib/src.zip!/java.security.sasl" type="simple" />
            <root url="jar://D:/Program Files/Java/jdk-11.0.10/lib/src.zip!/jdk.internal.vm.ci" type="simple" />
            <root url="jar://D:/Program Files/Java/jdk-11.0.10/lib/src.zip!/jdk.management.jfr" type="simple" />
            <root url="jar://D:/Program Files/Java/jdk-11.0.10/lib/src.zip!/java.management.rmi" type="simple" />
            <root url="jar://D:/Program Files/Java/jdk-11.0.10/lib/src.zip!/java.transaction.xa" type="simple" />
            <root url="jar://D:/Program Files/Java/jdk-11.0.10/lib/src.zip!/jdk.crypto.cryptoki" type="simple" />
            <root url="jar://D:/Program Files/Java/jdk-11.0.10/lib/src.zip!/jdk.internal.jvmstat" type="simple" />
            <root url="jar://D:/Program Files/Java/jdk-11.0.10/lib/src.zip!/jdk.management.agent" type="simple" />
            <root url="jar://D:/Program Files/Java/jdk-11.0.10/lib/src.zip!/jdk.scripting.nashorn" type="simple" />
            <root url="jar://D:/Program Files/Java/jdk-11.0.10/lib/src.zip!/jdk.unsupported.desktop" type="simple" />
            <root url="jar://D:/Program Files/Java/jdk-11.0.10/lib/src.zip!/jdk.internal.vm.compiler" type="simple" />
            <root url="jar://D:/Program Files/Java/jdk-11.0.10/lib/src.zip!/jdk.scripting.nashorn.shell" type="simple" />
            <root url="jar://D:/Program Files/Java/jdk-11.0.10/lib/src.zip!/jdk.internal.vm.compiler.management" type="simple" />
          </root>
        </sourcePath>
      </roots>
      <additional />
    </jdk>
    <jdk version="2">
      <name value="1.8" />
      <type value="JavaSDK" />
      <version value="version 1.8.0_311" />
      <homePath value="D:\Program Files\Java\jdk1.8.0_311" />
      <roots>
        <annotationsPath>
          <root type="composite">
            <root url="jar://$APPLICATION_HOME_DIR$/plugins/java/lib/jdkAnnotations.jar!/" type="simple" />
          </root>
        </annotationsPath>
        <classPath>
          <root type="composite">
            <root url="jar://D:/Program Files/Java/jdk1.8.0_311/jre/lib/charsets.jar!/" type="simple" />
            <root url="jar://D:/Program Files/Java/jdk1.8.0_311/jre/lib/deploy.jar!/" type="simple" />
            <root url="jar://D:/Program Files/Java/jdk1.8.0_311/jre/lib/ext/access-bridge-64.jar!/" type="simple" />
            <root url="jar://D:/Program Files/Java/jdk1.8.0_311/jre/lib/ext/cldrdata.jar!/" type="simple" />
            <root url="jar://D:/Program Files/Java/jdk1.8.0_311/jre/lib/ext/dnsns.jar!/" type="simple" />
            <root url="jar://D:/Program Files/Java/jdk1.8.0_311/jre/lib/ext/jaccess.jar!/" type="simple" />
            <root url="jar://D:/Program Files/Java/jdk1.8.0_311/jre/lib/ext/jfxrt.jar!/" type="simple" />
            <root url="jar://D:/Program Files/Java/jdk1.8.0_311/jre/lib/ext/localedata.jar!/" type="simple" />
            <root url="jar://D:/Program Files/Java/jdk1.8.0_311/jre/lib/ext/nashorn.jar!/" type="simple" />
            <root url="jar://D:/Program Files/Java/jdk1.8.0_311/jre/lib/ext/sunec.jar!/" type="simple" />
            <root url="jar://D:/Program Files/Java/jdk1.8.0_311/jre/lib/ext/sunjce_provider.jar!/" type="simple" />
            <root url="jar://D:/Program Files/Java/jdk1.8.0_311/jre/lib/ext/sunmscapi.jar!/" type="simple" />
            <root url="jar://D:/Program Files/Java/jdk1.8.0_311/jre/lib/ext/sunpkcs11.jar!/" type="simple" />
            <root url="jar://D:/Program Files/Java/jdk1.8.0_311/jre/lib/ext/zipfs.jar!/" type="simple" />
            <root url="jar://D:/Program Files/Java/jdk1.8.0_311/jre/lib/javaws.jar!/" type="simple" />
            <root url="jar://D:/Program Files/Java/jdk1.8.0_311/jre/lib/jce.jar!/" type="simple" />
            <root url="jar://D:/Program Files/Java/jdk1.8.0_311/jre/lib/jfr.jar!/" type="simple" />
            <root url="jar://D:/Program Files/Java/jdk1.8.0_311/jre/lib/jfxswt.jar!/" type="simple" />
            <root url="jar://D:/Program Files/Java/jdk1.8.0_311/jre/lib/jsse.jar!/" type="simple" />
            <root url="jar://D:/Program Files/Java/jdk1.8.0_311/jre/lib/management-agent.jar!/" type="simple" />
            <root url="jar://D:/Program Files/Java/jdk1.8.0_311/jre/lib/plugin.jar!/" type="simple" />
            <root url="jar://D:/Program Files/Java/jdk1.8.0_311/jre/lib/resources.jar!/" type="simple" />
            <root url="jar://D:/Program Files/Java/jdk1.8.0_311/jre/lib/rt.jar!/" type="simple" />
          </root>
        </classPath>
        <javadocPath>
          <root type="composite" />
        </javadocPath>
        <sourcePath>
          <root type="composite">
            <root url="jar://D:/Program Files/Java/jdk1.8.0_311/src.zip!/" type="simple" />
            <root url="jar://D:/Program Files/Java/jdk1.8.0_311/javafx-src.zip!/" type="simple" />
          </root>
        </sourcePath>
      </roots>
      <additional />
    </jdk>
    <jdk version="2">
      <name value="Kotlin SDK" />
      <type value="KotlinSDK" />
      <version value="1.4.32-release-380" />
      <homePath value="D:\Program Files\JetBrains\IntelliJ IDEA 2021.1.3\plugins\Kotlin\kotlinc" />
      <roots>
        <annotationsPath>
          <root type="composite" />
        </annotationsPath>
        <classPath>
          <root type="composite" />
        </classPath>
        <javadocPath>
          <root type="composite" />
        </javadocPath>
        <sourcePath>
          <root type="composite" />
        </sourcePath>
      </roots>
      <additional />
    </jdk>
    <jdk version="2">
      <name value="graalvm-11" />
      <type value="JavaSDK" />
      <version value="version 11.0.17" />
      <homePath value="D:/Program Files/Java/graalvm-ce-java11-22.3.0" />
      <roots>
        <annotationsPath>
          <root type="composite">
            <root url="jar://$APPLICATION_HOME_DIR$/plugins/java/lib/jdkAnnotations.jar!/" type="simple" />
          </root>
        </annotationsPath>
        <classPath>
          <root type="composite">
            <root url="jrt://D:/Program Files/Java/graalvm-ce-java11-22.3.0!/com.oracle.graal.graal_enterprise" type="simple" />
            <root url="jrt://D:/Program Files/Java/graalvm-ce-java11-22.3.0!/com.oracle.svm.svm_enterprise" type="simple" />
            <root url="jrt://D:/Program Files/Java/graalvm-ce-java11-22.3.0!/com.oracle.svm_enterprise.ml_dataset" type="simple" />
            <root url="jrt://D:/Program Files/Java/graalvm-ce-java11-22.3.0!/com.oracle.truffle.regex" type="simple" />
            <root url="jrt://D:/Program Files/Java/graalvm-ce-java11-22.3.0!/com.oracle.truffle.truffle_nfi" type="simple" />
            <root url="jrt://D:/Program Files/Java/graalvm-ce-java11-22.3.0!/com.oracle.truffle.truffle_nfi_libffi" type="simple" />
            <root url="jrt://D:/Program Files/Java/graalvm-ce-java11-22.3.0!/java.base" type="simple" />
            <root url="jrt://D:/Program Files/Java/graalvm-ce-java11-22.3.0!/java.compiler" type="simple" />
            <root url="jrt://D:/Program Files/Java/graalvm-ce-java11-22.3.0!/java.datatransfer" type="simple" />
            <root url="jrt://D:/Program Files/Java/graalvm-ce-java11-22.3.0!/java.desktop" type="simple" />
            <root url="jrt://D:/Program Files/Java/graalvm-ce-java11-22.3.0!/java.instrument" type="simple" />
            <root url="jrt://D:/Program Files/Java/graalvm-ce-java11-22.3.0!/java.logging" type="simple" />
            <root url="jrt://D:/Program Files/Java/graalvm-ce-java11-22.3.0!/java.management" type="simple" />
            <root url="jrt://D:/Program Files/Java/graalvm-ce-java11-22.3.0!/java.management.rmi" type="simple" />
            <root url="jrt://D:/Program Files/Java/graalvm-ce-java11-22.3.0!/java.naming" type="simple" />
            <root url="jrt://D:/Program Files/Java/graalvm-ce-java11-22.3.0!/java.net.http" type="simple" />
            <root url="jrt://D:/Program Files/Java/graalvm-ce-java11-22.3.0!/java.prefs" type="simple" />
            <root url="jrt://D:/Program Files/Java/graalvm-ce-java11-22.3.0!/java.rmi" type="simple" />
            <root url="jrt://D:/Program Files/Java/graalvm-ce-java11-22.3.0!/java.scripting" type="simple" />
            <root url="jrt://D:/Program Files/Java/graalvm-ce-java11-22.3.0!/java.se" type="simple" />
            <root url="jrt://D:/Program Files/Java/graalvm-ce-java11-22.3.0!/java.security.jgss" type="simple" />
            <root url="jrt://D:/Program Files/Java/graalvm-ce-java11-22.3.0!/java.security.sasl" type="simple" />
            <root url="jrt://D:/Program Files/Java/graalvm-ce-java11-22.3.0!/java.smartcardio" type="simple" />
            <root url="jrt://D:/Program Files/Java/graalvm-ce-java11-22.3.0!/java.sql" type="simple" />
            <root url="jrt://D:/Program Files/Java/graalvm-ce-java11-22.3.0!/java.sql.rowset" type="simple" />
            <root url="jrt://D:/Program Files/Java/graalvm-ce-java11-22.3.0!/java.transaction.xa" type="simple" />
            <root url="jrt://D:/Program Files/Java/graalvm-ce-java11-22.3.0!/java.xml" type="simple" />
            <root url="jrt://D:/Program Files/Java/graalvm-ce-java11-22.3.0!/java.xml.crypto" type="simple" />
            <root url="jrt://D:/Program Files/Java/graalvm-ce-java11-22.3.0!/jdk.accessibility" type="simple" />
            <root url="jrt://D:/Program Files/Java/graalvm-ce-java11-22.3.0!/jdk.attach" type="simple" />
            <root url="jrt://D:/Program Files/Java/graalvm-ce-java11-22.3.0!/jdk.charsets" type="simple" />
            <root url="jrt://D:/Program Files/Java/graalvm-ce-java11-22.3.0!/jdk.compiler" type="simple" />
            <root url="jrt://D:/Program Files/Java/graalvm-ce-java11-22.3.0!/jdk.crypto.cryptoki" type="simple" />
            <root url="jrt://D:/Program Files/Java/graalvm-ce-java11-22.3.0!/jdk.crypto.ec" type="simple" />
            <root url="jrt://D:/Program Files/Java/graalvm-ce-java11-22.3.0!/jdk.crypto.mscapi" type="simple" />
            <root url="jrt://D:/Program Files/Java/graalvm-ce-java11-22.3.0!/jdk.dynalink" type="simple" />
            <root url="jrt://D:/Program Files/Java/graalvm-ce-java11-22.3.0!/jdk.editpad" type="simple" />
            <root url="jrt://D:/Program Files/Java/graalvm-ce-java11-22.3.0!/jdk.hotspot.agent" type="simple" />
            <root url="jrt://D:/Program Files/Java/graalvm-ce-java11-22.3.0!/jdk.httpserver" type="simple" />
            <root url="jrt://D:/Program Files/Java/graalvm-ce-java11-22.3.0!/jdk.internal.ed" type="simple" />
            <root url="jrt://D:/Program Files/Java/graalvm-ce-java11-22.3.0!/jdk.internal.jvmstat" type="simple" />
            <root url="jrt://D:/Program Files/Java/graalvm-ce-java11-22.3.0!/jdk.internal.le" type="simple" />
            <root url="jrt://D:/Program Files/Java/graalvm-ce-java11-22.3.0!/jdk.internal.opt" type="simple" />
            <root url="jrt://D:/Program Files/Java/graalvm-ce-java11-22.3.0!/jdk.internal.vm.ci" type="simple" />
            <root url="jrt://D:/Program Files/Java/graalvm-ce-java11-22.3.0!/jdk.internal.vm.compiler" type="simple" />
            <root url="jrt://D:/Program Files/Java/graalvm-ce-java11-22.3.0!/jdk.internal.vm.compiler.management" type="simple" />
            <root url="jrt://D:/Program Files/Java/graalvm-ce-java11-22.3.0!/jdk.internal.vm.compiler.truffle.jfr" type="simple" />
            <root url="jrt://D:/Program Files/Java/graalvm-ce-java11-22.3.0!/jdk.jartool" type="simple" />
            <root url="jrt://D:/Program Files/Java/graalvm-ce-java11-22.3.0!/jdk.javadoc" type="simple" />
            <root url="jrt://D:/Program Files/Java/graalvm-ce-java11-22.3.0!/jdk.jcmd" type="simple" />
            <root url="jrt://D:/Program Files/Java/graalvm-ce-java11-22.3.0!/jdk.jconsole" type="simple" />
            <root url="jrt://D:/Program Files/Java/graalvm-ce-java11-22.3.0!/jdk.jdeps" type="simple" />
            <root url="jrt://D:/Program Files/Java/graalvm-ce-java11-22.3.0!/jdk.jdi" type="simple" />
            <root url="jrt://D:/Program Files/Java/graalvm-ce-java11-22.3.0!/jdk.jdwp.agent" type="simple" />
            <root url="jrt://D:/Program Files/Java/graalvm-ce-java11-22.3.0!/jdk.jfr" type="simple" />
            <root url="jrt://D:/Program Files/Java/graalvm-ce-java11-22.3.0!/jdk.jlink" type="simple" />
            <root url="jrt://D:/Program Files/Java/graalvm-ce-java11-22.3.0!/jdk.jshell" type="simple" />
            <root url="jrt://D:/Program Files/Java/graalvm-ce-java11-22.3.0!/jdk.jsobject" type="simple" />
            <root url="jrt://D:/Program Files/Java/graalvm-ce-java11-22.3.0!/jdk.jstatd" type="simple" />
            <root url="jrt://D:/Program Files/Java/graalvm-ce-java11-22.3.0!/jdk.localedata" type="simple" />
            <root url="jrt://D:/Program Files/Java/graalvm-ce-java11-22.3.0!/jdk.management" type="simple" />
            <root url="jrt://D:/Program Files/Java/graalvm-ce-java11-22.3.0!/jdk.management.agent" type="simple" />
            <root url="jrt://D:/Program Files/Java/graalvm-ce-java11-22.3.0!/jdk.management.jfr" type="simple" />
            <root url="jrt://D:/Program Files/Java/graalvm-ce-java11-22.3.0!/jdk.naming.dns" type="simple" />
            <root url="jrt://D:/Program Files/Java/graalvm-ce-java11-22.3.0!/jdk.naming.ldap" type="simple" />
            <root url="jrt://D:/Program Files/Java/graalvm-ce-java11-22.3.0!/jdk.naming.rmi" type="simple" />
            <root url="jrt://D:/Program Files/Java/graalvm-ce-java11-22.3.0!/jdk.net" type="simple" />
            <root url="jrt://D:/Program Files/Java/graalvm-ce-java11-22.3.0!/jdk.pack" type="simple" />
            <root url="jrt://D:/Program Files/Java/graalvm-ce-java11-22.3.0!/jdk.rmic" type="simple" />
            <root url="jrt://D:/Program Files/Java/graalvm-ce-java11-22.3.0!/jdk.scripting.nashorn" type="simple" />
            <root url="jrt://D:/Program Files/Java/graalvm-ce-java11-22.3.0!/jdk.scripting.nashorn.shell" type="simple" />
            <root url="jrt://D:/Program Files/Java/graalvm-ce-java11-22.3.0!/jdk.sctp" type="simple" />
            <root url="jrt://D:/Program Files/Java/graalvm-ce-java11-22.3.0!/jdk.security.auth" type="simple" />
            <root url="jrt://D:/Program Files/Java/graalvm-ce-java11-22.3.0!/jdk.security.jgss" type="simple" />
            <root url="jrt://D:/Program Files/Java/graalvm-ce-java11-22.3.0!/jdk.unsupported" type="simple" />
            <root url="jrt://D:/Program Files/Java/graalvm-ce-java11-22.3.0!/jdk.unsupported.desktop" type="simple" />
            <root url="jrt://D:/Program Files/Java/graalvm-ce-java11-22.3.0!/jdk.xml.dom" type="simple" />
            <root url="jrt://D:/Program Files/Java/graalvm-ce-java11-22.3.0!/jdk.zipfs" type="simple" />
            <root url="jrt://D:/Program Files/Java/graalvm-ce-java11-22.3.0!/org.graalvm.js.scriptengine" type="simple" />
            <root url="jrt://D:/Program Files/Java/graalvm-ce-java11-22.3.0!/org.graalvm.locator" type="simple" />
            <root url="jrt://D:/Program Files/Java/graalvm-ce-java11-22.3.0!/org.graalvm.nativeimage.llvm" type="simple" />
            <root url="jrt://D:/Program Files/Java/graalvm-ce-java11-22.3.0!/org.graalvm.sdk" type="simple" />
            <root url="jrt://D:/Program Files/Java/graalvm-ce-java11-22.3.0!/org.graalvm.truffle" type="simple" />
          </root>
        </classPath>
        <javadocPath>
          <root type="composite" />
        </javadocPath>
        <sourcePath>
          <root type="composite">
            <root url="jar://D:/Program Files/Java/graalvm-ce-java11-22.3.0/lib/src.zip!/java.se" type="simple" />
            <root url="jar://D:/Program Files/Java/graalvm-ce-java11-22.3.0/lib/src.zip!/jdk.jdi" type="simple" />
            <root url="jar://D:/Program Files/Java/graalvm-ce-java11-22.3.0/lib/src.zip!/jdk.jfr" type="simple" />
            <root url="jar://D:/Program Files/Java/graalvm-ce-java11-22.3.0/lib/src.zip!/jdk.net" type="simple" />
            <root url="jar://D:/Program Files/Java/graalvm-ce-java11-22.3.0/lib/src.zip!/java.rmi" type="simple" />
            <root url="jar://D:/Program Files/Java/graalvm-ce-java11-22.3.0/lib/src.zip!/java.sql" type="simple" />
            <root url="jar://D:/Program Files/Java/graalvm-ce-java11-22.3.0/lib/src.zip!/java.xml" type="simple" />
            <root url="jar://D:/Program Files/Java/graalvm-ce-java11-22.3.0/lib/src.zip!/jdk.jcmd" type="simple" />
            <root url="jar://D:/Program Files/Java/graalvm-ce-java11-22.3.0/lib/src.zip!/jdk.pack" type="simple" />
            <root url="jar://D:/Program Files/Java/graalvm-ce-java11-22.3.0/lib/src.zip!/jdk.rmic" type="simple" />
            <root url="jar://D:/Program Files/Java/graalvm-ce-java11-22.3.0/lib/src.zip!/jdk.sctp" type="simple" />
            <root url="jar://D:/Program Files/Java/graalvm-ce-java11-22.3.0/lib/src.zip!/java.base" type="simple" />
            <root url="jar://D:/Program Files/Java/graalvm-ce-java11-22.3.0/lib/src.zip!/jdk.jdeps" type="simple" />
            <root url="jar://D:/Program Files/Java/graalvm-ce-java11-22.3.0/lib/src.zip!/jdk.jlink" type="simple" />
            <root url="jar://D:/Program Files/Java/graalvm-ce-java11-22.3.0/lib/src.zip!/jdk.zipfs" type="simple" />
            <root url="jar://D:/Program Files/Java/graalvm-ce-java11-22.3.0/lib/src.zip!/java.prefs" type="simple" />
            <root url="jar://D:/Program Files/Java/graalvm-ce-java11-22.3.0/lib/src.zip!/jdk.attach" type="simple" />
            <root url="jar://D:/Program Files/Java/graalvm-ce-java11-22.3.0/lib/src.zip!/jdk.jshell" type="simple" />
            <root url="jar://D:/Program Files/Java/graalvm-ce-java11-22.3.0/lib/src.zip!/jdk.jstatd" type="simple" />
            <root url="jar://D:/Program Files/Java/graalvm-ce-java11-22.3.0/lib/src.zip!/java.naming" type="simple" />
            <root url="jar://D:/Program Files/Java/graalvm-ce-java11-22.3.0/lib/src.zip!/jdk.editpad" type="simple" />
            <root url="jar://D:/Program Files/Java/graalvm-ce-java11-22.3.0/lib/src.zip!/jdk.jartool" type="simple" />
            <root url="jar://D:/Program Files/Java/graalvm-ce-java11-22.3.0/lib/src.zip!/jdk.javadoc" type="simple" />
            <root url="jar://D:/Program Files/Java/graalvm-ce-java11-22.3.0/lib/src.zip!/jdk.xml.dom" type="simple" />
            <root url="jar://D:/Program Files/Java/graalvm-ce-java11-22.3.0/lib/src.zip!/java.desktop" type="simple" />
            <root url="jar://D:/Program Files/Java/graalvm-ce-java11-22.3.0/lib/src.zip!/java.logging" type="simple" />
            <root url="jar://D:/Program Files/Java/graalvm-ce-java11-22.3.0/lib/src.zip!/jdk.charsets" type="simple" />
            <root url="jar://D:/Program Files/Java/graalvm-ce-java11-22.3.0/lib/src.zip!/jdk.compiler" type="simple" />
            <root url="jar://D:/Program Files/Java/graalvm-ce-java11-22.3.0/lib/src.zip!/jdk.dynalink" type="simple" />
            <root url="jar://D:/Program Files/Java/graalvm-ce-java11-22.3.0/lib/src.zip!/jdk.jconsole" type="simple" />
            <root url="jar://D:/Program Files/Java/graalvm-ce-java11-22.3.0/lib/src.zip!/jdk.jsobject" type="simple" />
            <root url="jar://D:/Program Files/Java/graalvm-ce-java11-22.3.0/lib/src.zip!/java.compiler" type="simple" />
            <root url="jar://D:/Program Files/Java/graalvm-ce-java11-22.3.0/lib/src.zip!/java.net.http" type="simple" />
            <root url="jar://D:/Program Files/Java/graalvm-ce-java11-22.3.0/lib/src.zip!/jdk.crypto.ec" type="simple" />
            <root url="jar://D:/Program Files/Java/graalvm-ce-java11-22.3.0/lib/src.zip!/java.scripting" type="simple" />
            <root url="jar://D:/Program Files/Java/graalvm-ce-java11-22.3.0/lib/src.zip!/jdk.httpserver" type="simple" />
            <root url="jar://D:/Program Files/Java/graalvm-ce-java11-22.3.0/lib/src.zip!/jdk.jdwp.agent" type="simple" />
            <root url="jar://D:/Program Files/Java/graalvm-ce-java11-22.3.0/lib/src.zip!/jdk.localedata" type="simple" />
            <root url="jar://D:/Program Files/Java/graalvm-ce-java11-22.3.0/lib/src.zip!/jdk.management" type="simple" />
            <root url="jar://D:/Program Files/Java/graalvm-ce-java11-22.3.0/lib/src.zip!/jdk.naming.dns" type="simple" />
            <root url="jar://D:/Program Files/Java/graalvm-ce-java11-22.3.0/lib/src.zip!/jdk.naming.rmi" type="simple" />
            <root url="jar://D:/Program Files/Java/graalvm-ce-java11-22.3.0/lib/src.zip!/java.instrument" type="simple" />
            <root url="jar://D:/Program Files/Java/graalvm-ce-java11-22.3.0/lib/src.zip!/java.management" type="simple" />
            <root url="jar://D:/Program Files/Java/graalvm-ce-java11-22.3.0/lib/src.zip!/java.sql.rowset" type="simple" />
            <root url="jar://D:/Program Files/Java/graalvm-ce-java11-22.3.0/lib/src.zip!/java.xml.crypto" type="simple" />
            <root url="jar://D:/Program Files/Java/graalvm-ce-java11-22.3.0/lib/src.zip!/jdk.internal.ed" type="simple" />
            <root url="jar://D:/Program Files/Java/graalvm-ce-java11-22.3.0/lib/src.zip!/jdk.internal.le" type="simple" />
            <root url="jar://D:/Program Files/Java/graalvm-ce-java11-22.3.0/lib/src.zip!/jdk.naming.ldap" type="simple" />
            <root url="jar://D:/Program Files/Java/graalvm-ce-java11-22.3.0/lib/src.zip!/jdk.unsupported" type="simple" />
            <root url="jar://D:/Program Files/Java/graalvm-ce-java11-22.3.0/lib/src.zip!/org.graalvm.sdk" type="simple" />
            <root url="jar://D:/Program Files/Java/graalvm-ce-java11-22.3.0/lib/src.zip!/java.smartcardio" type="simple" />
            <root url="jar://D:/Program Files/Java/graalvm-ce-java11-22.3.0/lib/src.zip!/jdk.internal.opt" type="simple" />
            <root url="jar://D:/Program Files/Java/graalvm-ce-java11-22.3.0/lib/src.zip!/java.datatransfer" type="simple" />
            <root url="jar://D:/Program Files/Java/graalvm-ce-java11-22.3.0/lib/src.zip!/jdk.accessibility" type="simple" />
            <root url="jar://D:/Program Files/Java/graalvm-ce-java11-22.3.0/lib/src.zip!/jdk.crypto.mscapi" type="simple" />
            <root url="jar://D:/Program Files/Java/graalvm-ce-java11-22.3.0/lib/src.zip!/jdk.hotspot.agent" type="simple" />
            <root url="jar://D:/Program Files/Java/graalvm-ce-java11-22.3.0/lib/src.zip!/jdk.security.auth" type="simple" />
            <root url="jar://D:/Program Files/Java/graalvm-ce-java11-22.3.0/lib/src.zip!/jdk.security.jgss" type="simple" />
            <root url="jar://D:/Program Files/Java/graalvm-ce-java11-22.3.0/lib/src.zip!/java.security.jgss" type="simple" />
            <root url="jar://D:/Program Files/Java/graalvm-ce-java11-22.3.0/lib/src.zip!/java.security.sasl" type="simple" />
            <root url="jar://D:/Program Files/Java/graalvm-ce-java11-22.3.0/lib/src.zip!/jdk.internal.vm.ci" type="simple" />
            <root url="jar://D:/Program Files/Java/graalvm-ce-java11-22.3.0/lib/src.zip!/jdk.management.jfr" type="simple" />
            <root url="jar://D:/Program Files/Java/graalvm-ce-java11-22.3.0/lib/src.zip!/java.management.rmi" type="simple" />
            <root url="jar://D:/Program Files/Java/graalvm-ce-java11-22.3.0/lib/src.zip!/java.transaction.xa" type="simple" />
            <root url="jar://D:/Program Files/Java/graalvm-ce-java11-22.3.0/lib/src.zip!/jdk.crypto.cryptoki" type="simple" />
            <root url="jar://D:/Program Files/Java/graalvm-ce-java11-22.3.0/lib/src.zip!/org.graalvm.locator" type="simple" />
            <root url="jar://D:/Program Files/Java/graalvm-ce-java11-22.3.0/lib/src.zip!/org.graalvm.truffle" type="simple" />
            <root url="jar://D:/Program Files/Java/graalvm-ce-java11-22.3.0/lib/src.zip!/jdk.internal.jvmstat" type="simple" />
            <root url="jar://D:/Program Files/Java/graalvm-ce-java11-22.3.0/lib/src.zip!/jdk.management.agent" type="simple" />
            <root url="jar://D:/Program Files/Java/graalvm-ce-java11-22.3.0/lib/src.zip!/jdk.scripting.nashorn" type="simple" />
            <root url="jar://D:/Program Files/Java/graalvm-ce-java11-22.3.0/lib/src.zip!/jdk.unsupported.desktop" type="simple" />
            <root url="jar://D:/Program Files/Java/graalvm-ce-java11-22.3.0/lib/src.zip!/com.oracle.truffle.regex" type="simple" />
            <root url="jar://D:/Program Files/Java/graalvm-ce-java11-22.3.0/lib/src.zip!/jdk.internal.vm.compiler" type="simple" />
            <root url="jar://D:/Program Files/Java/graalvm-ce-java11-22.3.0/lib/src.zip!/jdk.scripting.nashorn.shell" type="simple" />
            <root url="jar://D:/Program Files/Java/graalvm-ce-java11-22.3.0/lib/src.zip!/org.graalvm.js.scriptengine" type="simple" />
            <root url="jar://D:/Program Files/Java/graalvm-ce-java11-22.3.0/lib/src.zip!/org.graalvm.nativeimage.llvm" type="simple" />
            <root url="jar://D:/Program Files/Java/graalvm-ce-java11-22.3.0/lib/src.zip!/com.oracle.svm.svm_enterprise" type="simple" />
            <root url="jar://D:/Program Files/Java/graalvm-ce-java11-22.3.0/lib/src.zip!/com.oracle.truffle.truffle_nfi" type="simple" />
            <root url="jar://D:/Program Files/Java/graalvm-ce-java11-22.3.0/lib/src.zip!/com.oracle.graal.graal_enterprise" type="simple" />
            <root url="jar://D:/Program Files/Java/graalvm-ce-java11-22.3.0/lib/src.zip!/jdk.internal.vm.compiler.management" type="simple" />
            <root url="jar://D:/Program Files/Java/graalvm-ce-java11-22.3.0/lib/src.zip!/com.oracle.svm_enterprise.ml_dataset" type="simple" />
            <root url="jar://D:/Program Files/Java/graalvm-ce-java11-22.3.0/lib/src.zip!/jdk.internal.vm.compiler.truffle.jfr" type="simple" />
            <root url="jar://D:/Program Files/Java/graalvm-ce-java11-22.3.0/lib/src.zip!/com.oracle.truffle.truffle_nfi_libffi" type="simple" />
          </root>
        </sourcePath>
      </roots>
      <additional />
    </jdk>
    <jdk version="2">
      <name value="graalvm-17" />
      <type value="JavaSDK" />
      <version value="version 17.0.5" />
      <homePath value="D:/Program Files/Java/graalvm-ce-java17-22.3.0" />
      <roots>
        <annotationsPath>
          <root type="composite">
            <root url="jar://$APPLICATION_HOME_DIR$/plugins/java/lib/jdkAnnotations.jar!/" type="simple" />
          </root>
        </annotationsPath>
        <classPath>
          <root type="composite">
            <root url="jrt://D:/Program Files/Java/graalvm-ce-java17-22.3.0!/com.oracle.graal.graal_enterprise" type="simple" />
            <root url="jrt://D:/Program Files/Java/graalvm-ce-java17-22.3.0!/com.oracle.svm.svm_enterprise" type="simple" />
            <root url="jrt://D:/Program Files/Java/graalvm-ce-java17-22.3.0!/com.oracle.svm_enterprise.ml_dataset" type="simple" />
            <root url="jrt://D:/Program Files/Java/graalvm-ce-java17-22.3.0!/com.oracle.truffle.regex" type="simple" />
            <root url="jrt://D:/Program Files/Java/graalvm-ce-java17-22.3.0!/com.oracle.truffle.truffle_nfi" type="simple" />
            <root url="jrt://D:/Program Files/Java/graalvm-ce-java17-22.3.0!/com.oracle.truffle.truffle_nfi_libffi" type="simple" />
            <root url="jrt://D:/Program Files/Java/graalvm-ce-java17-22.3.0!/java.base" type="simple" />
            <root url="jrt://D:/Program Files/Java/graalvm-ce-java17-22.3.0!/java.compiler" type="simple" />
            <root url="jrt://D:/Program Files/Java/graalvm-ce-java17-22.3.0!/java.datatransfer" type="simple" />
            <root url="jrt://D:/Program Files/Java/graalvm-ce-java17-22.3.0!/java.desktop" type="simple" />
            <root url="jrt://D:/Program Files/Java/graalvm-ce-java17-22.3.0!/java.instrument" type="simple" />
            <root url="jrt://D:/Program Files/Java/graalvm-ce-java17-22.3.0!/java.logging" type="simple" />
            <root url="jrt://D:/Program Files/Java/graalvm-ce-java17-22.3.0!/java.management" type="simple" />
            <root url="jrt://D:/Program Files/Java/graalvm-ce-java17-22.3.0!/java.management.rmi" type="simple" />
            <root url="jrt://D:/Program Files/Java/graalvm-ce-java17-22.3.0!/java.naming" type="simple" />
            <root url="jrt://D:/Program Files/Java/graalvm-ce-java17-22.3.0!/java.net.http" type="simple" />
            <root url="jrt://D:/Program Files/Java/graalvm-ce-java17-22.3.0!/java.prefs" type="simple" />
            <root url="jrt://D:/Program Files/Java/graalvm-ce-java17-22.3.0!/java.rmi" type="simple" />
            <root url="jrt://D:/Program Files/Java/graalvm-ce-java17-22.3.0!/java.scripting" type="simple" />
            <root url="jrt://D:/Program Files/Java/graalvm-ce-java17-22.3.0!/java.se" type="simple" />
            <root url="jrt://D:/Program Files/Java/graalvm-ce-java17-22.3.0!/java.security.jgss" type="simple" />
            <root url="jrt://D:/Program Files/Java/graalvm-ce-java17-22.3.0!/java.security.sasl" type="simple" />
            <root url="jrt://D:/Program Files/Java/graalvm-ce-java17-22.3.0!/java.smartcardio" type="simple" />
            <root url="jrt://D:/Program Files/Java/graalvm-ce-java17-22.3.0!/java.sql" type="simple" />
            <root url="jrt://D:/Program Files/Java/graalvm-ce-java17-22.3.0!/java.sql.rowset" type="simple" />
            <root url="jrt://D:/Program Files/Java/graalvm-ce-java17-22.3.0!/java.transaction.xa" type="simple" />
            <root url="jrt://D:/Program Files/Java/graalvm-ce-java17-22.3.0!/java.xml" type="simple" />
            <root url="jrt://D:/Program Files/Java/graalvm-ce-java17-22.3.0!/java.xml.crypto" type="simple" />
            <root url="jrt://D:/Program Files/Java/graalvm-ce-java17-22.3.0!/jdk.accessibility" type="simple" />
            <root url="jrt://D:/Program Files/Java/graalvm-ce-java17-22.3.0!/jdk.attach" type="simple" />
            <root url="jrt://D:/Program Files/Java/graalvm-ce-java17-22.3.0!/jdk.charsets" type="simple" />
            <root url="jrt://D:/Program Files/Java/graalvm-ce-java17-22.3.0!/jdk.compiler" type="simple" />
            <root url="jrt://D:/Program Files/Java/graalvm-ce-java17-22.3.0!/jdk.crypto.cryptoki" type="simple" />
            <root url="jrt://D:/Program Files/Java/graalvm-ce-java17-22.3.0!/jdk.crypto.ec" type="simple" />
            <root url="jrt://D:/Program Files/Java/graalvm-ce-java17-22.3.0!/jdk.crypto.mscapi" type="simple" />
            <root url="jrt://D:/Program Files/Java/graalvm-ce-java17-22.3.0!/jdk.dynalink" type="simple" />
            <root url="jrt://D:/Program Files/Java/graalvm-ce-java17-22.3.0!/jdk.editpad" type="simple" />
            <root url="jrt://D:/Program Files/Java/graalvm-ce-java17-22.3.0!/jdk.hotspot.agent" type="simple" />
            <root url="jrt://D:/Program Files/Java/graalvm-ce-java17-22.3.0!/jdk.httpserver" type="simple" />
            <root url="jrt://D:/Program Files/Java/graalvm-ce-java17-22.3.0!/jdk.incubator.foreign" type="simple" />
            <root url="jrt://D:/Program Files/Java/graalvm-ce-java17-22.3.0!/jdk.incubator.vector" type="simple" />
            <root url="jrt://D:/Program Files/Java/graalvm-ce-java17-22.3.0!/jdk.internal.ed" type="simple" />
            <root url="jrt://D:/Program Files/Java/graalvm-ce-java17-22.3.0!/jdk.internal.jvmstat" type="simple" />
            <root url="jrt://D:/Program Files/Java/graalvm-ce-java17-22.3.0!/jdk.internal.le" type="simple" />
            <root url="jrt://D:/Program Files/Java/graalvm-ce-java17-22.3.0!/jdk.internal.opt" type="simple" />
            <root url="jrt://D:/Program Files/Java/graalvm-ce-java17-22.3.0!/jdk.internal.vm.ci" type="simple" />
            <root url="jrt://D:/Program Files/Java/graalvm-ce-java17-22.3.0!/jdk.internal.vm.compiler" type="simple" />
            <root url="jrt://D:/Program Files/Java/graalvm-ce-java17-22.3.0!/jdk.internal.vm.compiler.management" type="simple" />
            <root url="jrt://D:/Program Files/Java/graalvm-ce-java17-22.3.0!/jdk.internal.vm.compiler.truffle.jfr" type="simple" />
            <root url="jrt://D:/Program Files/Java/graalvm-ce-java17-22.3.0!/jdk.jartool" type="simple" />
            <root url="jrt://D:/Program Files/Java/graalvm-ce-java17-22.3.0!/jdk.javadoc" type="simple" />
            <root url="jrt://D:/Program Files/Java/graalvm-ce-java17-22.3.0!/jdk.jcmd" type="simple" />
            <root url="jrt://D:/Program Files/Java/graalvm-ce-java17-22.3.0!/jdk.jconsole" type="simple" />
            <root url="jrt://D:/Program Files/Java/graalvm-ce-java17-22.3.0!/jdk.jdeps" type="simple" />
            <root url="jrt://D:/Program Files/Java/graalvm-ce-java17-22.3.0!/jdk.jdi" type="simple" />
            <root url="jrt://D:/Program Files/Java/graalvm-ce-java17-22.3.0!/jdk.jdwp.agent" type="simple" />
            <root url="jrt://D:/Program Files/Java/graalvm-ce-java17-22.3.0!/jdk.jfr" type="simple" />
            <root url="jrt://D:/Program Files/Java/graalvm-ce-java17-22.3.0!/jdk.jlink" type="simple" />
            <root url="jrt://D:/Program Files/Java/graalvm-ce-java17-22.3.0!/jdk.jpackage" type="simple" />
            <root url="jrt://D:/Program Files/Java/graalvm-ce-java17-22.3.0!/jdk.jshell" type="simple" />
            <root url="jrt://D:/Program Files/Java/graalvm-ce-java17-22.3.0!/jdk.jsobject" type="simple" />
            <root url="jrt://D:/Program Files/Java/graalvm-ce-java17-22.3.0!/jdk.jstatd" type="simple" />
            <root url="jrt://D:/Program Files/Java/graalvm-ce-java17-22.3.0!/jdk.localedata" type="simple" />
            <root url="jrt://D:/Program Files/Java/graalvm-ce-java17-22.3.0!/jdk.management" type="simple" />
            <root url="jrt://D:/Program Files/Java/graalvm-ce-java17-22.3.0!/jdk.management.agent" type="simple" />
            <root url="jrt://D:/Program Files/Java/graalvm-ce-java17-22.3.0!/jdk.management.jfr" type="simple" />
            <root url="jrt://D:/Program Files/Java/graalvm-ce-java17-22.3.0!/jdk.naming.dns" type="simple" />
            <root url="jrt://D:/Program Files/Java/graalvm-ce-java17-22.3.0!/jdk.naming.rmi" type="simple" />
            <root url="jrt://D:/Program Files/Java/graalvm-ce-java17-22.3.0!/jdk.net" type="simple" />
            <root url="jrt://D:/Program Files/Java/graalvm-ce-java17-22.3.0!/jdk.nio.mapmode" type="simple" />
            <root url="jrt://D:/Program Files/Java/graalvm-ce-java17-22.3.0!/jdk.random" type="simple" />
            <root url="jrt://D:/Program Files/Java/graalvm-ce-java17-22.3.0!/jdk.sctp" type="simple" />
            <root url="jrt://D:/Program Files/Java/graalvm-ce-java17-22.3.0!/jdk.security.auth" type="simple" />
            <root url="jrt://D:/Program Files/Java/graalvm-ce-java17-22.3.0!/jdk.security.jgss" type="simple" />
            <root url="jrt://D:/Program Files/Java/graalvm-ce-java17-22.3.0!/jdk.unsupported" type="simple" />
            <root url="jrt://D:/Program Files/Java/graalvm-ce-java17-22.3.0!/jdk.unsupported.desktop" type="simple" />
            <root url="jrt://D:/Program Files/Java/graalvm-ce-java17-22.3.0!/jdk.xml.dom" type="simple" />
            <root url="jrt://D:/Program Files/Java/graalvm-ce-java17-22.3.0!/jdk.zipfs" type="simple" />
            <root url="jrt://D:/Program Files/Java/graalvm-ce-java17-22.3.0!/org.graalvm.js.scriptengine" type="simple" />
            <root url="jrt://D:/Program Files/Java/graalvm-ce-java17-22.3.0!/org.graalvm.locator" type="simple" />
            <root url="jrt://D:/Program Files/Java/graalvm-ce-java17-22.3.0!/org.graalvm.nativeimage.llvm" type="simple" />
            <root url="jrt://D:/Program Files/Java/graalvm-ce-java17-22.3.0!/org.graalvm.sdk" type="simple" />
            <root url="jrt://D:/Program Files/Java/graalvm-ce-java17-22.3.0!/org.graalvm.truffle" type="simple" />
          </root>
        </classPath>
        <javadocPath>
          <root type="composite" />
        </javadocPath>
        <sourcePath>
          <root type="composite">
            <root url="jar://D:/Program Files/Java/graalvm-ce-java17-22.3.0/lib/src.zip!/java.se" type="simple" />
            <root url="jar://D:/Program Files/Java/graalvm-ce-java17-22.3.0/lib/src.zip!/jdk.jdi" type="simple" />
            <root url="jar://D:/Program Files/Java/graalvm-ce-java17-22.3.0/lib/src.zip!/jdk.jfr" type="simple" />
            <root url="jar://D:/Program Files/Java/graalvm-ce-java17-22.3.0/lib/src.zip!/jdk.net" type="simple" />
            <root url="jar://D:/Program Files/Java/graalvm-ce-java17-22.3.0/lib/src.zip!/java.rmi" type="simple" />
            <root url="jar://D:/Program Files/Java/graalvm-ce-java17-22.3.0/lib/src.zip!/java.sql" type="simple" />
            <root url="jar://D:/Program Files/Java/graalvm-ce-java17-22.3.0/lib/src.zip!/java.xml" type="simple" />
            <root url="jar://D:/Program Files/Java/graalvm-ce-java17-22.3.0/lib/src.zip!/jdk.jcmd" type="simple" />
            <root url="jar://D:/Program Files/Java/graalvm-ce-java17-22.3.0/lib/src.zip!/jdk.sctp" type="simple" />
            <root url="jar://D:/Program Files/Java/graalvm-ce-java17-22.3.0/lib/src.zip!/java.base" type="simple" />
            <root url="jar://D:/Program Files/Java/graalvm-ce-java17-22.3.0/lib/src.zip!/jdk.jdeps" type="simple" />
            <root url="jar://D:/Program Files/Java/graalvm-ce-java17-22.3.0/lib/src.zip!/jdk.jlink" type="simple" />
            <root url="jar://D:/Program Files/Java/graalvm-ce-java17-22.3.0/lib/src.zip!/jdk.zipfs" type="simple" />
            <root url="jar://D:/Program Files/Java/graalvm-ce-java17-22.3.0/lib/src.zip!/java.prefs" type="simple" />
            <root url="jar://D:/Program Files/Java/graalvm-ce-java17-22.3.0/lib/src.zip!/jdk.attach" type="simple" />
            <root url="jar://D:/Program Files/Java/graalvm-ce-java17-22.3.0/lib/src.zip!/jdk.jshell" type="simple" />
            <root url="jar://D:/Program Files/Java/graalvm-ce-java17-22.3.0/lib/src.zip!/jdk.jstatd" type="simple" />
            <root url="jar://D:/Program Files/Java/graalvm-ce-java17-22.3.0/lib/src.zip!/jdk.random" type="simple" />
            <root url="jar://D:/Program Files/Java/graalvm-ce-java17-22.3.0/lib/src.zip!/java.naming" type="simple" />
            <root url="jar://D:/Program Files/Java/graalvm-ce-java17-22.3.0/lib/src.zip!/jdk.editpad" type="simple" />
            <root url="jar://D:/Program Files/Java/graalvm-ce-java17-22.3.0/lib/src.zip!/jdk.jartool" type="simple" />
            <root url="jar://D:/Program Files/Java/graalvm-ce-java17-22.3.0/lib/src.zip!/jdk.javadoc" type="simple" />
            <root url="jar://D:/Program Files/Java/graalvm-ce-java17-22.3.0/lib/src.zip!/jdk.xml.dom" type="simple" />
            <root url="jar://D:/Program Files/Java/graalvm-ce-java17-22.3.0/lib/src.zip!/java.desktop" type="simple" />
            <root url="jar://D:/Program Files/Java/graalvm-ce-java17-22.3.0/lib/src.zip!/java.logging" type="simple" />
            <root url="jar://D:/Program Files/Java/graalvm-ce-java17-22.3.0/lib/src.zip!/jdk.charsets" type="simple" />
            <root url="jar://D:/Program Files/Java/graalvm-ce-java17-22.3.0/lib/src.zip!/jdk.compiler" type="simple" />
            <root url="jar://D:/Program Files/Java/graalvm-ce-java17-22.3.0/lib/src.zip!/jdk.dynalink" type="simple" />
            <root url="jar://D:/Program Files/Java/graalvm-ce-java17-22.3.0/lib/src.zip!/jdk.jconsole" type="simple" />
            <root url="jar://D:/Program Files/Java/graalvm-ce-java17-22.3.0/lib/src.zip!/jdk.jpackage" type="simple" />
            <root url="jar://D:/Program Files/Java/graalvm-ce-java17-22.3.0/lib/src.zip!/jdk.jsobject" type="simple" />
            <root url="jar://D:/Program Files/Java/graalvm-ce-java17-22.3.0/lib/src.zip!/java.compiler" type="simple" />
            <root url="jar://D:/Program Files/Java/graalvm-ce-java17-22.3.0/lib/src.zip!/java.net.http" type="simple" />
            <root url="jar://D:/Program Files/Java/graalvm-ce-java17-22.3.0/lib/src.zip!/jdk.crypto.ec" type="simple" />
            <root url="jar://D:/Program Files/Java/graalvm-ce-java17-22.3.0/lib/src.zip!/java.scripting" type="simple" />
            <root url="jar://D:/Program Files/Java/graalvm-ce-java17-22.3.0/lib/src.zip!/jdk.httpserver" type="simple" />
            <root url="jar://D:/Program Files/Java/graalvm-ce-java17-22.3.0/lib/src.zip!/jdk.jdwp.agent" type="simple" />
            <root url="jar://D:/Program Files/Java/graalvm-ce-java17-22.3.0/lib/src.zip!/jdk.localedata" type="simple" />
            <root url="jar://D:/Program Files/Java/graalvm-ce-java17-22.3.0/lib/src.zip!/jdk.management" type="simple" />
            <root url="jar://D:/Program Files/Java/graalvm-ce-java17-22.3.0/lib/src.zip!/jdk.naming.dns" type="simple" />
            <root url="jar://D:/Program Files/Java/graalvm-ce-java17-22.3.0/lib/src.zip!/jdk.naming.rmi" type="simple" />
            <root url="jar://D:/Program Files/Java/graalvm-ce-java17-22.3.0/lib/src.zip!/java.instrument" type="simple" />
            <root url="jar://D:/Program Files/Java/graalvm-ce-java17-22.3.0/lib/src.zip!/java.management" type="simple" />
            <root url="jar://D:/Program Files/Java/graalvm-ce-java17-22.3.0/lib/src.zip!/java.sql.rowset" type="simple" />
            <root url="jar://D:/Program Files/Java/graalvm-ce-java17-22.3.0/lib/src.zip!/java.xml.crypto" type="simple" />
            <root url="jar://D:/Program Files/Java/graalvm-ce-java17-22.3.0/lib/src.zip!/jdk.internal.ed" type="simple" />
            <root url="jar://D:/Program Files/Java/graalvm-ce-java17-22.3.0/lib/src.zip!/jdk.internal.le" type="simple" />
            <root url="jar://D:/Program Files/Java/graalvm-ce-java17-22.3.0/lib/src.zip!/jdk.nio.mapmode" type="simple" />
            <root url="jar://D:/Program Files/Java/graalvm-ce-java17-22.3.0/lib/src.zip!/jdk.unsupported" type="simple" />
            <root url="jar://D:/Program Files/Java/graalvm-ce-java17-22.3.0/lib/src.zip!/org.graalvm.sdk" type="simple" />
            <root url="jar://D:/Program Files/Java/graalvm-ce-java17-22.3.0/lib/src.zip!/java.smartcardio" type="simple" />
            <root url="jar://D:/Program Files/Java/graalvm-ce-java17-22.3.0/lib/src.zip!/jdk.internal.opt" type="simple" />
            <root url="jar://D:/Program Files/Java/graalvm-ce-java17-22.3.0/lib/src.zip!/java.datatransfer" type="simple" />
            <root url="jar://D:/Program Files/Java/graalvm-ce-java17-22.3.0/lib/src.zip!/jdk.accessibility" type="simple" />
            <root url="jar://D:/Program Files/Java/graalvm-ce-java17-22.3.0/lib/src.zip!/jdk.crypto.mscapi" type="simple" />
            <root url="jar://D:/Program Files/Java/graalvm-ce-java17-22.3.0/lib/src.zip!/jdk.hotspot.agent" type="simple" />
            <root url="jar://D:/Program Files/Java/graalvm-ce-java17-22.3.0/lib/src.zip!/jdk.security.auth" type="simple" />
            <root url="jar://D:/Program Files/Java/graalvm-ce-java17-22.3.0/lib/src.zip!/jdk.security.jgss" type="simple" />
            <root url="jar://D:/Program Files/Java/graalvm-ce-java17-22.3.0/lib/src.zip!/java.security.jgss" type="simple" />
            <root url="jar://D:/Program Files/Java/graalvm-ce-java17-22.3.0/lib/src.zip!/java.security.sasl" type="simple" />
            <root url="jar://D:/Program Files/Java/graalvm-ce-java17-22.3.0/lib/src.zip!/jdk.internal.vm.ci" type="simple" />
            <root url="jar://D:/Program Files/Java/graalvm-ce-java17-22.3.0/lib/src.zip!/jdk.management.jfr" type="simple" />
            <root url="jar://D:/Program Files/Java/graalvm-ce-java17-22.3.0/lib/src.zip!/java.management.rmi" type="simple" />
            <root url="jar://D:/Program Files/Java/graalvm-ce-java17-22.3.0/lib/src.zip!/java.transaction.xa" type="simple" />
            <root url="jar://D:/Program Files/Java/graalvm-ce-java17-22.3.0/lib/src.zip!/jdk.crypto.cryptoki" type="simple" />
            <root url="jar://D:/Program Files/Java/graalvm-ce-java17-22.3.0/lib/src.zip!/org.graalvm.locator" type="simple" />
            <root url="jar://D:/Program Files/Java/graalvm-ce-java17-22.3.0/lib/src.zip!/org.graalvm.truffle" type="simple" />
            <root url="jar://D:/Program Files/Java/graalvm-ce-java17-22.3.0/lib/src.zip!/jdk.incubator.vector" type="simple" />
            <root url="jar://D:/Program Files/Java/graalvm-ce-java17-22.3.0/lib/src.zip!/jdk.internal.jvmstat" type="simple" />
            <root url="jar://D:/Program Files/Java/graalvm-ce-java17-22.3.0/lib/src.zip!/jdk.management.agent" type="simple" />
            <root url="jar://D:/Program Files/Java/graalvm-ce-java17-22.3.0/lib/src.zip!/jdk.incubator.foreign" type="simple" />
            <root url="jar://D:/Program Files/Java/graalvm-ce-java17-22.3.0/lib/src.zip!/jdk.unsupported.desktop" type="simple" />
            <root url="jar://D:/Program Files/Java/graalvm-ce-java17-22.3.0/lib/src.zip!/com.oracle.truffle.regex" type="simple" />
            <root url="jar://D:/Program Files/Java/graalvm-ce-java17-22.3.0/lib/src.zip!/jdk.internal.vm.compiler" type="simple" />
            <root url="jar://D:/Program Files/Java/graalvm-ce-java17-22.3.0/lib/src.zip!/org.graalvm.js.scriptengine" type="simple" />
            <root url="jar://D:/Program Files/Java/graalvm-ce-java17-22.3.0/lib/src.zip!/org.graalvm.nativeimage.llvm" type="simple" />
            <root url="jar://D:/Program Files/Java/graalvm-ce-java17-22.3.0/lib/src.zip!/com.oracle.svm.svm_enterprise" type="simple" />
            <root url="jar://D:/Program Files/Java/graalvm-ce-java17-22.3.0/lib/src.zip!/com.oracle.truffle.truffle_nfi" type="simple" />
            <root url="jar://D:/Program Files/Java/graalvm-ce-java17-22.3.0/lib/src.zip!/com.oracle.graal.graal_enterprise" type="simple" />
            <root url="jar://D:/Program Files/Java/graalvm-ce-java17-22.3.0/lib/src.zip!/jdk.internal.vm.compiler.management" type="simple" />
            <root url="jar://D:/Program Files/Java/graalvm-ce-java17-22.3.0/lib/src.zip!/com.oracle.svm_enterprise.ml_dataset" type="simple" />
            <root url="jar://D:/Program Files/Java/graalvm-ce-java17-22.3.0/lib/src.zip!/jdk.internal.vm.compiler.truffle.jfr" type="simple" />
            <root url="jar://D:/Program Files/Java/graalvm-ce-java17-22.3.0/lib/src.zip!/com.oracle.truffle.truffle_nfi_libffi" type="simple" />
          </root>
        </sourcePath>
      </roots>
      <additional />
    </jdk>
    <jdk version="2">
      <name value="1.8.0_171" />
      <type value="JavaSDK" />
      <version value="java version &quot;1.8.0_311&quot;" />
      <homePath value="D:/Program Files/Java/jdk1.8.0_311" />
      <roots>
        <annotationsPath>
          <root type="composite">
            <root url="jar://$APPLICATION_HOME_DIR$/plugins/java/lib/jdkAnnotations.jar!/" type="simple" />
          </root>
        </annotationsPath>
        <classPath>
          <root type="composite">
            <root url="jar://D:/Program Files/Java/jdk1.8.0_311/jre/lib/charsets.jar!/" type="simple" />
            <root url="jar://D:/Program Files/Java/jdk1.8.0_311/jre/lib/deploy.jar!/" type="simple" />
            <root url="jar://D:/Program Files/Java/jdk1.8.0_311/jre/lib/ext/access-bridge-64.jar!/" type="simple" />
            <root url="jar://D:/Program Files/Java/jdk1.8.0_311/jre/lib/ext/cldrdata.jar!/" type="simple" />
            <root url="jar://D:/Program Files/Java/jdk1.8.0_311/jre/lib/ext/dnsns.jar!/" type="simple" />
            <root url="jar://D:/Program Files/Java/jdk1.8.0_311/jre/lib/ext/jaccess.jar!/" type="simple" />
            <root url="jar://D:/Program Files/Java/jdk1.8.0_311/jre/lib/ext/jfxrt.jar!/" type="simple" />
            <root url="jar://D:/Program Files/Java/jdk1.8.0_311/jre/lib/ext/localedata.jar!/" type="simple" />
            <root url="jar://D:/Program Files/Java/jdk1.8.0_311/jre/lib/ext/nashorn.jar!/" type="simple" />
            <root url="jar://D:/Program Files/Java/jdk1.8.0_311/jre/lib/ext/sunec.jar!/" type="simple" />
            <root url="jar://D:/Program Files/Java/jdk1.8.0_311/jre/lib/ext/sunjce_provider.jar!/" type="simple" />
            <root url="jar://D:/Program Files/Java/jdk1.8.0_311/jre/lib/ext/sunmscapi.jar!/" type="simple" />
            <root url="jar://D:/Program Files/Java/jdk1.8.0_311/jre/lib/ext/sunpkcs11.jar!/" type="simple" />
            <root url="jar://D:/Program Files/Java/jdk1.8.0_311/jre/lib/ext/zipfs.jar!/" type="simple" />
            <root url="jar://D:/Program Files/Java/jdk1.8.0_311/jre/lib/javaws.jar!/" type="simple" />
            <root url="jar://D:/Program Files/Java/jdk1.8.0_311/jre/lib/jce.jar!/" type="simple" />
            <root url="jar://D:/Program Files/Java/jdk1.8.0_311/jre/lib/jfr.jar!/" type="simple" />
            <root url="jar://D:/Program Files/Java/jdk1.8.0_311/jre/lib/jfxswt.jar!/" type="simple" />
            <root url="jar://D:/Program Files/Java/jdk1.8.0_311/jre/lib/jsse.jar!/" type="simple" />
            <root url="jar://D:/Program Files/Java/jdk1.8.0_311/jre/lib/management-agent.jar!/" type="simple" />
            <root url="jar://D:/Program Files/Java/jdk1.8.0_311/jre/lib/plugin.jar!/" type="simple" />
            <root url="jar://D:/Program Files/Java/jdk1.8.0_311/jre/lib/resources.jar!/" type="simple" />
            <root url="jar://D:/Program Files/Java/jdk1.8.0_311/jre/lib/rt.jar!/" type="simple" />
          </root>
        </classPath>
        <javadocPath>
          <root type="composite" />
        </javadocPath>
        <sourcePath>
          <root type="composite">
            <root url="jar://D:/Program Files/Java/jdk1.8.0_311/src.zip!/" type="simple" />
            <root url="jar://D:/Program Files/Java/jdk1.8.0_311/javafx-src.zip!/" type="simple" />
          </root>
        </sourcePath>
      </roots>
      <additional />
    </jdk>
  </component>
</application>