<application>
  <component name="ProjectManager">
    <defaultProject>
      <component name="AnalysisProjectProfileManager">
        <option name="PROJECT_PROFILE" />
        <option name="USE_PROJECT_LEVEL_SETTINGS" value="false" />
        <list size="0" />
      </component>
      <component name="AutoImportSettings">
        <option name="autoReloadType" value="SELECTIVE" />
      </component>
      <component name="CodeInsightWorkspaceSettings">
        <option name="optimizeImportsOnTheFly" value="true" />
      </component>
      <component name="Encoding" defaultCharsetForPropertiesFiles="UTF-8">
        <file url="PROJECT" charset="UTF-8" />
      </component>
      <component name="GOROOT" url="file://D:/Program Files/Go" />
      <component name="MavenImportPreferences">
        <option name="generalSettings">
          <MavenGeneralSettings>
            <option name="localRepository" value="D:\Users\lifez\.m2\repository" />
            <option name="userSettingsFile" value="D:\Users\lifez\.m2\settings.xml" />
          </MavenGeneralSettings>
        </option>
      </component>
      <component name="ProjectInspectionProfilesVisibleTreeState">
        <entry key="Project Default">
          <profile-state>
            <expanded-state>
              <State />
            </expanded-state>
            <selected-state>
              <State>
                <id>Ali-Check</id>
              </State>
            </selected-state>
          </profile-state>
        </entry>
      </component>
      <component name="ProjectRootManager" version="2" languageLevel="JDK_11" project-jdk-name="graalvm-11" project-jdk-type="JavaSDK" />
      <component name="PropertiesComponent">
        <property name="ExpandSpringBootJavaOptionsPanel" value="true" />
        <property name="configurable.GoLibrariesConfigurable.is.expanded" value="true" />
        <property name="go.import.settings.migrated" value="true" />
        <property name="project.structure.last.edited" value="Problems" />
        <property name="project.structure.proportion" value="0.123304546" />
        <property name="project.structure.side.proportion" value="0.37126437" />
        <property name="settings.editor.selected.configurable" value="go.vgo" />
      </component>
      <component name="RunManager">
        <configuration default="true" type="SpringBootApplicationConfigurationType" factoryName="Spring Boot">
          <option name="ALTERNATIVE_JRE_PATH" value="graalvm-11" />
          <option name="SHORTEN_COMMAND_LINE" value="NONE" />
          <method v="2">
            <option name="Make" enabled="true" />
          </method>
        </configuration>
      </component>
      <component name="SaveActionSettings">
        <option name="actions">
          <set>
            <option value="activate" />
            <option value="activateOnShortcut" />
            <option value="activateOnBatch" />
            <option value="organizeImports" />
            <option value="reformat" />
          </set>
        </option>
        <option name="configurationPath" value="" />
      </component>
      <component name="SuppressionsComponent">
        <option name="suppComments" value="[]" />
      </component>
      <component name="VgoProject">
        <integration-enabled>true</integration-enabled>
        <environment>
          <map>
            <entry key="GOMODCACHE" value="D:\program\pkg\mod" />
            <entry key="GOPROXY" value="https://goproxy.cn,direct" />
            <entry key="GOSUMDB" value="sum.golang.org" />
          </map>
        </environment>
      </component>
      <component name="masterDetails">
        <states>
          <state key="GlobalLibrariesConfigurable.UI">
            <settings>
              <splitter-proportions>
                <option name="proportions">
                  <list>
                    <option value="0.37126437" />
                  </list>
                </option>
              </splitter-proportions>
            </settings>
          </state>
          <state key="JdkListConfigurable.UI">
            <settings>
              <last-edited>graalvm-11</last-edited>
              <splitter-proportions>
                <option name="proportions">
                  <list>
                    <option value="0.37126437" />
                  </list>
                </option>
              </splitter-proportions>
            </settings>
          </state>
          <state key="ProjectJDKs.UI">
            <settings>
              <last-edited>graalvm-11</last-edited>
              <splitter-proportions>
                <option name="proportions">
                  <list>
                    <option value="0.2" />
                  </list>
                </option>
              </splitter-proportions>
            </settings>
          </state>
          <state key="ProjectLibrariesConfigurable.UI">
            <settings>
              <splitter-proportions>
                <option name="proportions">
                  <list>
                    <option value="0.37126437" />
                  </list>
                </option>
              </splitter-proportions>
            </settings>
          </state>
          <state key="ScopeChooserConfigurable.UI">
            <settings>
              <splitter-proportions>
                <option name="proportions">
                  <list>
                    <option value="0.37126437" />
                  </list>
                </option>
              </splitter-proportions>
            </settings>
          </state>
        </states>
      </component>
    </defaultProject>
  </component>
</application>