<application>
  <component name="CodotaSettings">
    <option name="methodCompletionsPercentageSet" value="true" />
    <option name="id" value="98202daf-5b15-4d45-85e8-409d2f05a11a" />
    <option name="wasRunBefore" value="true" />
    <option name="firstRun" value="1669865374117" />
    <option name="generation" value="129" />
    <option name="updateGeneration" value="1" />
    <option name="isInJSBeta" value="YES" />
    <option name="isMethodCompletionsPercentageActive" value="true" />
    <option name="isMethodCompletionsPercentageSet" value="true" />
    <option name="testedFeatureFlags">
      <set>
        <option value="deep-completions" />
      </set>
    </option>
    <option name="lastTabnineRecommendationDisplayDate" value="1669887453597" />
  </component>
</application>