<application>
  <component name="ProjectJdkTable">
    <jdk version="2">
      <name value="1.8" />
      <type value="JavaSDK" />
      <version value="version 1.8.0_281" />
      <homePath value="D:\Program Files\Java\jdk1.8.0_281" />
      <roots>
        <annotationsPath>
          <root type="composite">
            <root url="jar://$APPLICATION_HOME_DIR$/plugins/java/lib/jdkAnnotations.jar!/" type="simple" />
          </root>
        </annotationsPath>
        <classPath>
          <root type="composite">
            <root url="jar://D:/Program Files/Java/jdk1.8.0_281/jre/lib/charsets.jar!/" type="simple" />
            <root url="jar://D:/Program Files/Java/jdk1.8.0_281/jre/lib/deploy.jar!/" type="simple" />
            <root url="jar://D:/Program Files/Java/jdk1.8.0_281/jre/lib/ext/access-bridge-64.jar!/" type="simple" />
            <root url="jar://D:/Program Files/Java/jdk1.8.0_281/jre/lib/ext/cldrdata.jar!/" type="simple" />
            <root url="jar://D:/Program Files/Java/jdk1.8.0_281/jre/lib/ext/dnsns.jar!/" type="simple" />
            <root url="jar://D:/Program Files/Java/jdk1.8.0_281/jre/lib/ext/jaccess.jar!/" type="simple" />
            <root url="jar://D:/Program Files/Java/jdk1.8.0_281/jre/lib/ext/javalib.jar!/" type="simple" />
            <root url="jar://D:/Program Files/Java/jdk1.8.0_281/jre/lib/ext/jfxrt.jar!/" type="simple" />
            <root url="jar://D:/Program Files/Java/jdk1.8.0_281/jre/lib/ext/localedata.jar!/" type="simple" />
            <root url="jar://D:/Program Files/Java/jdk1.8.0_281/jre/lib/ext/nashorn.jar!/" type="simple" />
            <root url="jar://D:/Program Files/Java/jdk1.8.0_281/jre/lib/ext/sunec.jar!/" type="simple" />
            <root url="jar://D:/Program Files/Java/jdk1.8.0_281/jre/lib/ext/sunjce_provider.jar!/" type="simple" />
            <root url="jar://D:/Program Files/Java/jdk1.8.0_281/jre/lib/ext/sunmscapi.jar!/" type="simple" />
            <root url="jar://D:/Program Files/Java/jdk1.8.0_281/jre/lib/ext/sunpkcs11.jar!/" type="simple" />
            <root url="jar://D:/Program Files/Java/jdk1.8.0_281/jre/lib/ext/zipfs.jar!/" type="simple" />
            <root url="jar://D:/Program Files/Java/jdk1.8.0_281/jre/lib/javaws.jar!/" type="simple" />
            <root url="jar://D:/Program Files/Java/jdk1.8.0_281/jre/lib/jce.jar!/" type="simple" />
            <root url="jar://D:/Program Files/Java/jdk1.8.0_281/jre/lib/jfr.jar!/" type="simple" />
            <root url="jar://D:/Program Files/Java/jdk1.8.0_281/jre/lib/jfxswt.jar!/" type="simple" />
            <root url="jar://D:/Program Files/Java/jdk1.8.0_281/jre/lib/jsse.jar!/" type="simple" />
            <root url="jar://D:/Program Files/Java/jdk1.8.0_281/jre/lib/management-agent.jar!/" type="simple" />
            <root url="jar://D:/Program Files/Java/jdk1.8.0_281/jre/lib/plugin.jar!/" type="simple" />
            <root url="jar://D:/Program Files/Java/jdk1.8.0_281/jre/lib/resources.jar!/" type="simple" />
            <root url="jar://D:/Program Files/Java/jdk1.8.0_281/jre/lib/rt.jar!/" type="simple" />
          </root>
        </classPath>
        <javadocPath>
          <root type="composite" />
        </javadocPath>
        <sourcePath>
          <root type="composite">
            <root url="jar://D:/Program Files/Java/jdk1.8.0_281/src.zip!/" type="simple" />
            <root url="jar://D:/Program Files/Java/jdk1.8.0_281/javafx-src.zip!/" type="simple" />
          </root>
        </sourcePath>
      </roots>
      <additional />
    </jdk>
    <jdk version="2">
      <name value="11" />
      <type value="JavaSDK" />
      <version value="version 11" />
      <homePath value="D:\Program Files\Java\openjdk-11" />
      <roots>
        <annotationsPath>
          <root type="composite">
            <root url="jar://$APPLICATION_HOME_DIR$/plugins/java/lib/jdkAnnotations.jar!/" type="simple" />
          </root>
        </annotationsPath>
        <classPath>
          <root type="composite">
            <root url="jrt://D:/Program Files/Java/openjdk-11!/java.base" type="simple" />
            <root url="jrt://D:/Program Files/Java/openjdk-11!/java.compiler" type="simple" />
            <root url="jrt://D:/Program Files/Java/openjdk-11!/java.datatransfer" type="simple" />
            <root url="jrt://D:/Program Files/Java/openjdk-11!/java.desktop" type="simple" />
            <root url="jrt://D:/Program Files/Java/openjdk-11!/java.instrument" type="simple" />
            <root url="jrt://D:/Program Files/Java/openjdk-11!/java.logging" type="simple" />
            <root url="jrt://D:/Program Files/Java/openjdk-11!/java.management" type="simple" />
            <root url="jrt://D:/Program Files/Java/openjdk-11!/java.management.rmi" type="simple" />
            <root url="jrt://D:/Program Files/Java/openjdk-11!/java.naming" type="simple" />
            <root url="jrt://D:/Program Files/Java/openjdk-11!/java.net.http" type="simple" />
            <root url="jrt://D:/Program Files/Java/openjdk-11!/java.prefs" type="simple" />
            <root url="jrt://D:/Program Files/Java/openjdk-11!/java.rmi" type="simple" />
            <root url="jrt://D:/Program Files/Java/openjdk-11!/java.scripting" type="simple" />
            <root url="jrt://D:/Program Files/Java/openjdk-11!/java.se" type="simple" />
            <root url="jrt://D:/Program Files/Java/openjdk-11!/java.security.jgss" type="simple" />
            <root url="jrt://D:/Program Files/Java/openjdk-11!/java.security.sasl" type="simple" />
            <root url="jrt://D:/Program Files/Java/openjdk-11!/java.smartcardio" type="simple" />
            <root url="jrt://D:/Program Files/Java/openjdk-11!/java.sql" type="simple" />
            <root url="jrt://D:/Program Files/Java/openjdk-11!/java.sql.rowset" type="simple" />
            <root url="jrt://D:/Program Files/Java/openjdk-11!/java.transaction.xa" type="simple" />
            <root url="jrt://D:/Program Files/Java/openjdk-11!/java.xml" type="simple" />
            <root url="jrt://D:/Program Files/Java/openjdk-11!/java.xml.crypto" type="simple" />
            <root url="jrt://D:/Program Files/Java/openjdk-11!/jdk.accessibility" type="simple" />
            <root url="jrt://D:/Program Files/Java/openjdk-11!/jdk.aot" type="simple" />
            <root url="jrt://D:/Program Files/Java/openjdk-11!/jdk.attach" type="simple" />
            <root url="jrt://D:/Program Files/Java/openjdk-11!/jdk.charsets" type="simple" />
            <root url="jrt://D:/Program Files/Java/openjdk-11!/jdk.compiler" type="simple" />
            <root url="jrt://D:/Program Files/Java/openjdk-11!/jdk.crypto.cryptoki" type="simple" />
            <root url="jrt://D:/Program Files/Java/openjdk-11!/jdk.crypto.ec" type="simple" />
            <root url="jrt://D:/Program Files/Java/openjdk-11!/jdk.crypto.mscapi" type="simple" />
            <root url="jrt://D:/Program Files/Java/openjdk-11!/jdk.dynalink" type="simple" />
            <root url="jrt://D:/Program Files/Java/openjdk-11!/jdk.editpad" type="simple" />
            <root url="jrt://D:/Program Files/Java/openjdk-11!/jdk.hotspot.agent" type="simple" />
            <root url="jrt://D:/Program Files/Java/openjdk-11!/jdk.httpserver" type="simple" />
            <root url="jrt://D:/Program Files/Java/openjdk-11!/jdk.internal.ed" type="simple" />
            <root url="jrt://D:/Program Files/Java/openjdk-11!/jdk.internal.jvmstat" type="simple" />
            <root url="jrt://D:/Program Files/Java/openjdk-11!/jdk.internal.le" type="simple" />
            <root url="jrt://D:/Program Files/Java/openjdk-11!/jdk.internal.opt" type="simple" />
            <root url="jrt://D:/Program Files/Java/openjdk-11!/jdk.internal.vm.ci" type="simple" />
            <root url="jrt://D:/Program Files/Java/openjdk-11!/jdk.internal.vm.compiler" type="simple" />
            <root url="jrt://D:/Program Files/Java/openjdk-11!/jdk.internal.vm.compiler.management" type="simple" />
            <root url="jrt://D:/Program Files/Java/openjdk-11!/jdk.jartool" type="simple" />
            <root url="jrt://D:/Program Files/Java/openjdk-11!/jdk.javadoc" type="simple" />
            <root url="jrt://D:/Program Files/Java/openjdk-11!/jdk.jcmd" type="simple" />
            <root url="jrt://D:/Program Files/Java/openjdk-11!/jdk.jconsole" type="simple" />
            <root url="jrt://D:/Program Files/Java/openjdk-11!/jdk.jdeps" type="simple" />
            <root url="jrt://D:/Program Files/Java/openjdk-11!/jdk.jdi" type="simple" />
            <root url="jrt://D:/Program Files/Java/openjdk-11!/jdk.jdwp.agent" type="simple" />
            <root url="jrt://D:/Program Files/Java/openjdk-11!/jdk.jfr" type="simple" />
            <root url="jrt://D:/Program Files/Java/openjdk-11!/jdk.jlink" type="simple" />
            <root url="jrt://D:/Program Files/Java/openjdk-11!/jdk.jshell" type="simple" />
            <root url="jrt://D:/Program Files/Java/openjdk-11!/jdk.jsobject" type="simple" />
            <root url="jrt://D:/Program Files/Java/openjdk-11!/jdk.jstatd" type="simple" />
            <root url="jrt://D:/Program Files/Java/openjdk-11!/jdk.localedata" type="simple" />
            <root url="jrt://D:/Program Files/Java/openjdk-11!/jdk.management" type="simple" />
            <root url="jrt://D:/Program Files/Java/openjdk-11!/jdk.management.agent" type="simple" />
            <root url="jrt://D:/Program Files/Java/openjdk-11!/jdk.management.jfr" type="simple" />
            <root url="jrt://D:/Program Files/Java/openjdk-11!/jdk.naming.dns" type="simple" />
            <root url="jrt://D:/Program Files/Java/openjdk-11!/jdk.naming.rmi" type="simple" />
            <root url="jrt://D:/Program Files/Java/openjdk-11!/jdk.net" type="simple" />
            <root url="jrt://D:/Program Files/Java/openjdk-11!/jdk.pack" type="simple" />
            <root url="jrt://D:/Program Files/Java/openjdk-11!/jdk.rmic" type="simple" />
            <root url="jrt://D:/Program Files/Java/openjdk-11!/jdk.scripting.nashorn" type="simple" />
            <root url="jrt://D:/Program Files/Java/openjdk-11!/jdk.scripting.nashorn.shell" type="simple" />
            <root url="jrt://D:/Program Files/Java/openjdk-11!/jdk.sctp" type="simple" />
            <root url="jrt://D:/Program Files/Java/openjdk-11!/jdk.security.auth" type="simple" />
            <root url="jrt://D:/Program Files/Java/openjdk-11!/jdk.security.jgss" type="simple" />
            <root url="jrt://D:/Program Files/Java/openjdk-11!/jdk.unsupported" type="simple" />
            <root url="jrt://D:/Program Files/Java/openjdk-11!/jdk.unsupported.desktop" type="simple" />
            <root url="jrt://D:/Program Files/Java/openjdk-11!/jdk.xml.dom" type="simple" />
            <root url="jrt://D:/Program Files/Java/openjdk-11!/jdk.zipfs" type="simple" />
          </root>
        </classPath>
        <javadocPath>
          <root type="composite" />
        </javadocPath>
        <sourcePath>
          <root type="composite">
            <root url="jar://D:/Program Files/Java/openjdk-11/lib/src.zip!/java.se" type="simple" />
            <root url="jar://D:/Program Files/Java/openjdk-11/lib/src.zip!/jdk.aot" type="simple" />
            <root url="jar://D:/Program Files/Java/openjdk-11/lib/src.zip!/jdk.jdi" type="simple" />
            <root url="jar://D:/Program Files/Java/openjdk-11/lib/src.zip!/jdk.jfr" type="simple" />
            <root url="jar://D:/Program Files/Java/openjdk-11/lib/src.zip!/jdk.net" type="simple" />
            <root url="jar://D:/Program Files/Java/openjdk-11/lib/src.zip!/java.rmi" type="simple" />
            <root url="jar://D:/Program Files/Java/openjdk-11/lib/src.zip!/java.sql" type="simple" />
            <root url="jar://D:/Program Files/Java/openjdk-11/lib/src.zip!/java.xml" type="simple" />
            <root url="jar://D:/Program Files/Java/openjdk-11/lib/src.zip!/jdk.jcmd" type="simple" />
            <root url="jar://D:/Program Files/Java/openjdk-11/lib/src.zip!/jdk.pack" type="simple" />
            <root url="jar://D:/Program Files/Java/openjdk-11/lib/src.zip!/jdk.rmic" type="simple" />
            <root url="jar://D:/Program Files/Java/openjdk-11/lib/src.zip!/jdk.sctp" type="simple" />
            <root url="jar://D:/Program Files/Java/openjdk-11/lib/src.zip!/java.base" type="simple" />
            <root url="jar://D:/Program Files/Java/openjdk-11/lib/src.zip!/jdk.jdeps" type="simple" />
            <root url="jar://D:/Program Files/Java/openjdk-11/lib/src.zip!/jdk.jlink" type="simple" />
            <root url="jar://D:/Program Files/Java/openjdk-11/lib/src.zip!/jdk.zipfs" type="simple" />
            <root url="jar://D:/Program Files/Java/openjdk-11/lib/src.zip!/java.prefs" type="simple" />
            <root url="jar://D:/Program Files/Java/openjdk-11/lib/src.zip!/jdk.attach" type="simple" />
            <root url="jar://D:/Program Files/Java/openjdk-11/lib/src.zip!/jdk.jshell" type="simple" />
            <root url="jar://D:/Program Files/Java/openjdk-11/lib/src.zip!/jdk.jstatd" type="simple" />
            <root url="jar://D:/Program Files/Java/openjdk-11/lib/src.zip!/java.naming" type="simple" />
            <root url="jar://D:/Program Files/Java/openjdk-11/lib/src.zip!/jdk.editpad" type="simple" />
            <root url="jar://D:/Program Files/Java/openjdk-11/lib/src.zip!/jdk.jartool" type="simple" />
            <root url="jar://D:/Program Files/Java/openjdk-11/lib/src.zip!/jdk.javadoc" type="simple" />
            <root url="jar://D:/Program Files/Java/openjdk-11/lib/src.zip!/jdk.xml.dom" type="simple" />
            <root url="jar://D:/Program Files/Java/openjdk-11/lib/src.zip!/java.desktop" type="simple" />
            <root url="jar://D:/Program Files/Java/openjdk-11/lib/src.zip!/java.logging" type="simple" />
            <root url="jar://D:/Program Files/Java/openjdk-11/lib/src.zip!/jdk.charsets" type="simple" />
            <root url="jar://D:/Program Files/Java/openjdk-11/lib/src.zip!/jdk.compiler" type="simple" />
            <root url="jar://D:/Program Files/Java/openjdk-11/lib/src.zip!/jdk.dynalink" type="simple" />
            <root url="jar://D:/Program Files/Java/openjdk-11/lib/src.zip!/jdk.jconsole" type="simple" />
            <root url="jar://D:/Program Files/Java/openjdk-11/lib/src.zip!/jdk.jsobject" type="simple" />
            <root url="jar://D:/Program Files/Java/openjdk-11/lib/src.zip!/java.compiler" type="simple" />
            <root url="jar://D:/Program Files/Java/openjdk-11/lib/src.zip!/java.net.http" type="simple" />
            <root url="jar://D:/Program Files/Java/openjdk-11/lib/src.zip!/jdk.crypto.ec" type="simple" />
            <root url="jar://D:/Program Files/Java/openjdk-11/lib/src.zip!/java.scripting" type="simple" />
            <root url="jar://D:/Program Files/Java/openjdk-11/lib/src.zip!/jdk.httpserver" type="simple" />
            <root url="jar://D:/Program Files/Java/openjdk-11/lib/src.zip!/jdk.jdwp.agent" type="simple" />
            <root url="jar://D:/Program Files/Java/openjdk-11/lib/src.zip!/jdk.localedata" type="simple" />
            <root url="jar://D:/Program Files/Java/openjdk-11/lib/src.zip!/jdk.management" type="simple" />
            <root url="jar://D:/Program Files/Java/openjdk-11/lib/src.zip!/jdk.naming.dns" type="simple" />
            <root url="jar://D:/Program Files/Java/openjdk-11/lib/src.zip!/jdk.naming.rmi" type="simple" />
            <root url="jar://D:/Program Files/Java/openjdk-11/lib/src.zip!/java.instrument" type="simple" />
            <root url="jar://D:/Program Files/Java/openjdk-11/lib/src.zip!/java.management" type="simple" />
            <root url="jar://D:/Program Files/Java/openjdk-11/lib/src.zip!/java.sql.rowset" type="simple" />
            <root url="jar://D:/Program Files/Java/openjdk-11/lib/src.zip!/java.xml.crypto" type="simple" />
            <root url="jar://D:/Program Files/Java/openjdk-11/lib/src.zip!/jdk.internal.ed" type="simple" />
            <root url="jar://D:/Program Files/Java/openjdk-11/lib/src.zip!/jdk.internal.le" type="simple" />
            <root url="jar://D:/Program Files/Java/openjdk-11/lib/src.zip!/jdk.unsupported" type="simple" />
            <root url="jar://D:/Program Files/Java/openjdk-11/lib/src.zip!/java.smartcardio" type="simple" />
            <root url="jar://D:/Program Files/Java/openjdk-11/lib/src.zip!/jdk.internal.opt" type="simple" />
            <root url="jar://D:/Program Files/Java/openjdk-11/lib/src.zip!/java.datatransfer" type="simple" />
            <root url="jar://D:/Program Files/Java/openjdk-11/lib/src.zip!/jdk.accessibility" type="simple" />
            <root url="jar://D:/Program Files/Java/openjdk-11/lib/src.zip!/jdk.crypto.mscapi" type="simple" />
            <root url="jar://D:/Program Files/Java/openjdk-11/lib/src.zip!/jdk.hotspot.agent" type="simple" />
            <root url="jar://D:/Program Files/Java/openjdk-11/lib/src.zip!/jdk.security.auth" type="simple" />
            <root url="jar://D:/Program Files/Java/openjdk-11/lib/src.zip!/jdk.security.jgss" type="simple" />
            <root url="jar://D:/Program Files/Java/openjdk-11/lib/src.zip!/java.security.jgss" type="simple" />
            <root url="jar://D:/Program Files/Java/openjdk-11/lib/src.zip!/java.security.sasl" type="simple" />
            <root url="jar://D:/Program Files/Java/openjdk-11/lib/src.zip!/jdk.internal.vm.ci" type="simple" />
            <root url="jar://D:/Program Files/Java/openjdk-11/lib/src.zip!/jdk.management.jfr" type="simple" />
            <root url="jar://D:/Program Files/Java/openjdk-11/lib/src.zip!/java.management.rmi" type="simple" />
            <root url="jar://D:/Program Files/Java/openjdk-11/lib/src.zip!/java.transaction.xa" type="simple" />
            <root url="jar://D:/Program Files/Java/openjdk-11/lib/src.zip!/jdk.crypto.cryptoki" type="simple" />
            <root url="jar://D:/Program Files/Java/openjdk-11/lib/src.zip!/jdk.internal.jvmstat" type="simple" />
            <root url="jar://D:/Program Files/Java/openjdk-11/lib/src.zip!/jdk.management.agent" type="simple" />
            <root url="jar://D:/Program Files/Java/openjdk-11/lib/src.zip!/jdk.scripting.nashorn" type="simple" />
            <root url="jar://D:/Program Files/Java/openjdk-11/lib/src.zip!/jdk.unsupported.desktop" type="simple" />
            <root url="jar://D:/Program Files/Java/openjdk-11/lib/src.zip!/jdk.internal.vm.compiler" type="simple" />
            <root url="jar://D:/Program Files/Java/openjdk-11/lib/src.zip!/jdk.scripting.nashorn.shell" type="simple" />
            <root url="jar://D:/Program Files/Java/openjdk-11/lib/src.zip!/jdk.internal.vm.compiler.management" type="simple" />
          </root>
        </sourcePath>
      </roots>
      <additional />
    </jdk>
    <jdk version="2">
      <name value="Python 3.10" />
      <type value="Python SDK" />
      <version value="Python 3.10.0" />
      <homePath value="D:\Users\ryan\AppData\Local\Programs\Python\Python310\python.exe" />
      <roots>
        <annotationsPath>
          <root type="composite" />
        </annotationsPath>
        <classPath>
          <root type="composite">
            <root url="file://D:/Users/ryan/AppData/Local/Programs/Python/Python310/DLLs" type="simple" />
            <root url="file://D:/Users/ryan/AppData/Local/Programs/Python/Python310/Lib" type="simple" />
            <root url="file://D:/Users/ryan/AppData/Local/Programs/Python/Python310" type="simple" />
            <root url="file://D:/Users/ryan/AppData/Local/Programs/Python/Python310/Lib/site-packages" type="simple" />
            <root url="file://$USER_HOME$/AppData/Local/JetBrains/IntelliJIdea2021.1/python_stubs/-843113457" type="simple" />
            <root url="file://$APPLICATION_PLUGINS_DIR$/python/helpers/python-skeletons" type="simple" />
            <root url="file://$APPLICATION_PLUGINS_DIR$/python/helpers/typeshed/stdlib" type="simple" />
            <root url="file://$APPLICATION_PLUGINS_DIR$/python/helpers/typeshed/stubs/jwt" type="simple" />
            <root url="file://$APPLICATION_PLUGINS_DIR$/python/helpers/typeshed/stubs/six" type="simple" />
            <root url="file://$APPLICATION_PLUGINS_DIR$/python/helpers/typeshed/stubs/mock" type="simple" />
            <root url="file://$APPLICATION_PLUGINS_DIR$/python/helpers/typeshed/stubs/nmap" type="simple" />
            <root url="file://$APPLICATION_PLUGINS_DIR$/python/helpers/typeshed/stubs/attrs" type="simple" />
            <root url="file://$APPLICATION_PLUGINS_DIR$/python/helpers/typeshed/stubs/polib" type="simple" />
            <root url="file://$APPLICATION_PLUGINS_DIR$/python/helpers/typeshed/stubs/retry" type="simple" />
            <root url="file://$APPLICATION_PLUGINS_DIR$/python/helpers/typeshed/stubs/enum34" type="simple" />
            <root url="file://$APPLICATION_PLUGINS_DIR$/python/helpers/typeshed/stubs/orjson" type="simple" />
            <root url="file://$APPLICATION_PLUGINS_DIR$/python/helpers/typeshed/stubs/xxhash" type="simple" />
            <root url="file://$APPLICATION_PLUGINS_DIR$/python/helpers/typeshed/stubs/chardet" type="simple" />
            <root url="file://$APPLICATION_PLUGINS_DIR$/python/helpers/typeshed/stubs/futures" type="simple" />
            <root url="file://$APPLICATION_PLUGINS_DIR$/python/helpers/typeshed/stubs/tzlocal" type="simple" />
            <root url="file://$APPLICATION_PLUGINS_DIR$/python/helpers/typeshed/stubs/aiofiles" type="simple" />
            <root url="file://$APPLICATION_PLUGINS_DIR$/python/helpers/typeshed/stubs/filelock" type="simple" />
            <root url="file://$APPLICATION_PLUGINS_DIR$/python/helpers/typeshed/stubs/Markdown" type="simple" />
            <root url="file://$APPLICATION_PLUGINS_DIR$/python/helpers/typeshed/stubs/paramiko" type="simple" />
            <root url="file://$APPLICATION_PLUGINS_DIR$/python/helpers/typeshed/stubs/pathlib2" type="simple" />
            <root url="file://$APPLICATION_PLUGINS_DIR$/python/helpers/typeshed/stubs/requests" type="simple" />
            <root url="file://$APPLICATION_PLUGINS_DIR$/python/helpers/typeshed/stubs/waitress" type="simple" />
            <root url="file://$APPLICATION_PLUGINS_DIR$/python/helpers/typeshed/stubs/Werkzeug" type="simple" />
            <root url="file://$APPLICATION_PLUGINS_DIR$/python/helpers/typeshed/stubs/freezegun" type="simple" />
            <root url="file://$APPLICATION_PLUGINS_DIR$/python/helpers/typeshed/stubs/ipaddress" type="simple" />
            <root url="file://$APPLICATION_PLUGINS_DIR$/python/helpers/typeshed/stubs/pyRFC3339" type="simple" />
            <root url="file://$APPLICATION_PLUGINS_DIR$/python/helpers/typeshed/stubs/typed-ast" type="simple" />
            <root url="file://$APPLICATION_PLUGINS_DIR$/python/helpers/typeshed/stubs/cachetools" type="simple" />
            <root url="file://$APPLICATION_PLUGINS_DIR$/python/helpers/typeshed/stubs/Deprecated" type="simple" />
            <root url="file://$APPLICATION_PLUGINS_DIR$/python/helpers/typeshed/stubs/frozendict" type="simple" />
            <root url="file://$APPLICATION_PLUGINS_DIR$/python/helpers/typeshed/stubs/contextvars" type="simple" />
            <root url="file://$APPLICATION_PLUGINS_DIR$/python/helpers/typeshed/stubs/JACK-Client" type="simple" />
            <root url="file://$APPLICATION_PLUGINS_DIR$/python/helpers/typeshed/stubs/atomicwrites" type="simple" />
            <root url="file://$APPLICATION_PLUGINS_DIR$/python/helpers/typeshed/stubs/cryptography" type="simple" />
            <root url="file://$APPLICATION_PLUGINS_DIR$/python/helpers/typeshed/stubs/click-spinner" type="simple" />
            <root url="file://$APPLICATION_PLUGINS_DIR$/python/helpers/typeshed/stubs/DateTimeRange" type="simple" />
            <root url="file://$APPLICATION_PLUGINS_DIR$/python/helpers/typeshed/stubs/pkg_resources" type="simple" />
            <root url="file://$APPLICATION_PLUGINS_DIR$/python/helpers/typeshed/stubs/python-gflags" type="simple" />
            <root url="file://$APPLICATION_PLUGINS_DIR$/python/helpers/typeshed/stubs/python-slugify" type="simple" />
            <root url="file://$APPLICATION_PLUGINS_DIR$/python/helpers/typeshed/stubs/python-dateutil" type="simple" />
            <root url="file://$APPLICATION_PLUGINS_DIR$/python/helpers/typeshed/stubs/typing-extensions" type="simple" />
          </root>
        </classPath>
        <javadocPath>
          <root type="composite" />
        </javadocPath>
        <sourcePath>
          <root type="composite" />
        </sourcePath>
      </roots>
      <additional />
    </jdk>
  </component>
</application>