<application>
  <component name="ProjectManager">
    <defaultProject>
      <component name="AutoImportSettings">
        <option name="autoReloadType" value="SELECTIVE" />
      </component>
      <component name="CodeInsightWorkspaceSettings">
        <option name="optimizeImportsOnTheFly" value="true" />
      </component>
      <component name="GOROOT" url="file://D:/Program Files/Go" />
      <component name="GitToolBoxStore">
        <option name="projectConfigVersion" value="2" />
      </component>
      <component name="JavaDocConfiguration">
        <GENERAL>
          <MODE>UPDATE</MODE>
          <OVERRIDDEN_METHODS>false</OVERRIDDEN_METHODS>
          <SPLITTED_CLASS_NAME>true</SPLITTED_CLASS_NAME>
          <LEVELS>
            <LEVEL>FIELD</LEVEL>
            <LEVEL>METHOD</LEVEL>
            <LEVEL>TYPE</LEVEL>
          </LEVELS>
          <VISIBILITIES>
            <VISIBILITY>PUBLIC</VISIBILITY>
            <VISIBILITY>DEFAULT</VISIBILITY>
            <VISIBILITY>PROTECTED</VISIBILITY>
          </VISIBILITIES>
        </GENERAL>
        <TEMPLATES>
          <CLASSES>
            <CLASS>
              <KEY>^.*(public|protected|private)*.+interface\s+\w+.*</KEY>
              <VALUE>/**\n
 * The interface ${name}.\n
&lt;#if element.typeParameters?has_content&gt;        * \n
&lt;/#if&gt;
&lt;#list element.typeParameters as typeParameter&gt;
        * @param &lt;${typeParameter.name}&gt; the type parameter\n
&lt;/#list&gt;
 */</VALUE>
            </CLASS>
            <CLASS>
              <KEY>^.*(public|protected|private)*.+enum\s+\w+.*</KEY>
              <VALUE>/**\n
 * The enum ${name}.\n
 */</VALUE>
            </CLASS>
            <CLASS>
              <KEY>^.*(public|protected|private)*.+class\s+\w+.*</KEY>
              <VALUE>/**\n
 * The type ${name}.\n
&lt;#if element.typeParameters?has_content&gt;        * \n
&lt;/#if&gt;
&lt;#list element.typeParameters as typeParameter&gt;
        * @param &lt;${typeParameter.name}&gt; the type parameter\n
&lt;/#list&gt;
 */</VALUE>
            </CLASS>
            <CLASS>
              <KEY>.+</KEY>
              <VALUE>/**\n
 * The type ${name}.\n
 */</VALUE>
            </CLASS>
          </CLASSES>
          <CONSTRUCTORS>
            <CONSTRUCTOR>
              <KEY>.+</KEY>
              <VALUE>/**\n
 * Instantiates a new ${name}.\n
&lt;#if element.parameterList.parameters?has_content&gt;
         *\n
&lt;/#if&gt;
&lt;#list element.parameterList.parameters as parameter&gt;
         * @param ${parameter.name} the ${paramNames[parameter.name]}\n
&lt;/#list&gt;
&lt;#if element.throwsList.referenceElements?has_content&gt;
         *\n
&lt;/#if&gt;
&lt;#list element.throwsList.referenceElements as exception&gt;
         * @throws ${exception.referenceName} the ${exceptionNames[exception.referenceName]}\n
&lt;/#list&gt;
 */</VALUE>
            </CONSTRUCTOR>
          </CONSTRUCTORS>
          <METHODS>
            <METHOD>
              <KEY>^.*(public|protected|private)*\s*.*(\w(\s*&lt;.+&gt;)*)+\s+get\w+\s*\(.*\).+</KEY>
              <VALUE>/**\n
 * Gets ${partName}.\n
&lt;#if element.typeParameters?has_content&gt;         * \n
&lt;/#if&gt;
&lt;#list element.typeParameters as typeParameter&gt;
         * @param &lt;${typeParameter.name}&gt; the type parameter\n
&lt;/#list&gt;
&lt;#if element.parameterList.parameters?has_content&gt;
         *\n
&lt;/#if&gt;
&lt;#list element.parameterList.parameters as parameter&gt;
         * @param ${parameter.name} the ${paramNames[parameter.name]}\n
&lt;/#list&gt;
&lt;#if isNotVoid&gt;
         *\n
         * @return the ${partName}\n
&lt;/#if&gt;
&lt;#if element.throwsList.referenceElements?has_content&gt;
         *\n
&lt;/#if&gt;
&lt;#list element.throwsList.referenceElements as exception&gt;
         * @throws ${exception.referenceName} the ${exceptionNames[exception.referenceName]}\n
&lt;/#list&gt;
 */</VALUE>
            </METHOD>
            <METHOD>
              <KEY>^.*(public|protected|private)*\s*.*(void|\w(\s*&lt;.+&gt;)*)+\s+set\w+\s*\(.*\).+</KEY>
              <VALUE>/**\n
 * Sets ${partName}.\n
&lt;#if element.typeParameters?has_content&gt;         * \n
&lt;/#if&gt;
&lt;#list element.typeParameters as typeParameter&gt;
         * @param &lt;${typeParameter.name}&gt; the type parameter\n
&lt;/#list&gt;
&lt;#if element.parameterList.parameters?has_content&gt;
         *\n
&lt;/#if&gt;
&lt;#list element.parameterList.parameters as parameter&gt;
         * @param ${parameter.name} the ${paramNames[parameter.name]}\n
&lt;/#list&gt;
&lt;#if isNotVoid&gt;
         *\n
         * @return the ${partName}\n
&lt;/#if&gt;
&lt;#if element.throwsList.referenceElements?has_content&gt;
         *\n
&lt;/#if&gt;
&lt;#list element.throwsList.referenceElements as exception&gt;
         * @throws ${exception.referenceName} the ${exceptionNames[exception.referenceName]}\n
&lt;/#list&gt;
 */</VALUE>
            </METHOD>
            <METHOD>
              <KEY>^.*((public\s+static)|(static\s+public))\s+void\s+main\s*\(\s*String\s*(\[\s*\]|\.\.\.)\s+\w+\s*\).+</KEY>
              <VALUE>/**\n
 * The entry point of application.\n

     &lt;#if element.parameterList.parameters?has_content&gt;
         *\n
&lt;/#if&gt;
     * @param ${element.parameterList.parameters[0].name} the input arguments\n
&lt;#if element.throwsList.referenceElements?has_content&gt;
         *\n
&lt;/#if&gt;
&lt;#list element.throwsList.referenceElements as exception&gt;
         * @throws ${exception.referenceName} the ${exceptionNames[exception.referenceName]}\n
&lt;/#list&gt;
 */</VALUE>
            </METHOD>
            <METHOD>
              <KEY>.+</KEY>
              <VALUE>/**\n
 * ${name}&lt;#if isNotVoid&gt; ${return}&lt;/#if&gt;.\n
&lt;#if element.typeParameters?has_content&gt;         * \n
&lt;/#if&gt;
&lt;#list element.typeParameters as typeParameter&gt;
         * @param &lt;${typeParameter.name}&gt; the type parameter\n
&lt;/#list&gt;
&lt;#if element.parameterList.parameters?has_content&gt;
         *\n
&lt;/#if&gt;
&lt;#list element.parameterList.parameters as parameter&gt;
         * @param ${parameter.name} the ${paramNames[parameter.name]}\n
&lt;/#list&gt;
&lt;#if isNotVoid&gt;
         *\n
         * @return the ${return}\n
&lt;/#if&gt;
&lt;#if element.throwsList.referenceElements?has_content&gt;
         *\n
&lt;/#if&gt;
&lt;#list element.throwsList.referenceElements as exception&gt;
         * @throws ${exception.referenceName} the ${exceptionNames[exception.referenceName]}\n
&lt;/#list&gt;
 */</VALUE>
            </METHOD>
          </METHODS>
          <FIELDS>
            <FIELD>
              <KEY>^.*(public|protected|private)*.+static.*(\w\s\w)+.+</KEY>
              <VALUE>/**\n
 * The constant ${element.getName()}.\n
 */</VALUE>
            </FIELD>
            <FIELD>
              <KEY>^.*(public|protected|private)*.*(\w\s\w)+.+</KEY>
              <VALUE>/**\n
    &lt;#if element.parent.isInterface()&gt;
        * The constant ${element.getName()}.\n
&lt;#else&gt;
        * The ${name}.\n
&lt;/#if&gt; */</VALUE>
            </FIELD>
            <FIELD>
              <KEY>.+</KEY>
              <VALUE>/**\n
    &lt;#if element.parent.isEnum()&gt;
        *${name} ${typeName}.\n
&lt;#else&gt;
        * The ${name}.\n
&lt;/#if&gt;*/</VALUE>
            </FIELD>
          </FIELDS>
        </TEMPLATES>
      </component>
      <component name="MavenImportPreferences">
        <option name="generalSettings">
          <MavenGeneralSettings>
            <option name="localRepository" value="E:\Users\ryan\.m2\repository" />
            <option name="userSettingsFile" value="E:\Users\ryan\.m2\settings.xml" />
          </MavenGeneralSettings>
        </option>
        <option name="importingSettings">
          <MavenImportingSettings>
            <option name="createModuleGroups" value="true" />
          </MavenImportingSettings>
        </option>
      </component>
      <component name="MavenRunner">
        <option name="skipTests" value="true" />
      </component>
      <component name="PropertiesComponent">
        <property name="configurable.GoLibrariesConfigurable.is.expanded" value="true" />
        <property name="go.import.settings.migrated" value="true" />
        <property name="project.structure.last.edited" value="SDKs" />
        <property name="project.structure.proportion" value="0.17" />
        <property name="project.structure.side.proportion" value="0.37126437" />
        <property name="settings.editor.selected.configurable" value="go.sdk" />
      </component>
      <component name="SaveActionSettings">
        <option name="actions">
          <set>
            <option value="activate" />
            <option value="activateOnShortcut" />
            <option value="activateOnBatch" />
            <option value="organizeImports" />
            <option value="reformat" />
            <option value="generateSerialVersionUID" />
          </set>
        </option>
        <option name="configurationPath" value="" />
      </component>
      <component name="VgoProject">
        <integration-enabled>true</integration-enabled>
        <environment>
          <map>
            <entry key="GOMODCACHE" value="E:\program\pkg\mod" />
            <entry key="GOPROXY" value="https://goproxy.cn,direct" />
            <entry key="GOSUMDB" value="sum.golang.org" />
          </map>
        </environment>
      </component>
      <component name="masterDetails">
        <states>
          <state key="GlobalLibrariesConfigurable.UI">
            <settings>
              <splitter-proportions>
                <option name="proportions">
                  <list>
                    <option value="0.37126437" />
                  </list>
                </option>
              </splitter-proportions>
            </settings>
          </state>
          <state key="JdkListConfigurable.UI">
            <settings>
              <last-edited>1.8</last-edited>
              <splitter-proportions>
                <option name="proportions">
                  <list>
                    <option value="0.37126437" />
                  </list>
                </option>
              </splitter-proportions>
            </settings>
          </state>
          <state key="ProjectLibrariesConfigurable.UI">
            <settings>
              <splitter-proportions>
                <option name="proportions">
                  <list>
                    <option value="0.37126437" />
                  </list>
                </option>
              </splitter-proportions>
            </settings>
          </state>
          <state key="ScopeChooserConfigurable.UI">
            <settings>
              <splitter-proportions>
                <option name="proportions">
                  <list>
                    <option value="0.37126437" />
                  </list>
                </option>
              </splitter-proportions>
            </settings>
          </state>
        </states>
      </component>
    </defaultProject>
  </component>
</application>